session_window,index_key,side,strategy_family,premium_edge_bucket,vix_bucket,pcr_state,wall_state,killed_rows,killed_priced_rows,killed_positive_rows,killed_positive_rate,killed_avg_net_pnl,killed_median_net_pnl,killed_total_net_pnl,survivor_rows,survivor_priced_rows,survivor_positive_rows,survivor_positive_rate,survivor_avg_net_pnl,survivor_median_net_pnl,survivor_total_net_pnl,killed_minus_survivor_positive_rate,killed_minus_survivor_avg_net_pnl
MIDDAY,BNF,CREDIT,BEAR_CALL,EDGE_MISSING,VIX_12_14,PCR_LT_0_95,WALL_UNKNOWN,1045,1000,429,42.9,7.216709999999998,-100.625,7216.709999999998,0,0,0,,,,0.0,42.9,
LATE,BNF,CREDIT,BULL_PUT,EDGE_MISSING,VIX_12_14,PCR_LT_0_95,WALL_UNKNOWN,834,794,237,29.848866498740556,-369.33940806045337,-217.21,-293255.49,0,0,0,,,,0.0,29.848866498740556,
LATE,NF,CREDIT,BULL_PUT,EDGE_MISSING,VIX_12_14,PCR_LT_0_95,WALL_UNKNOWN,271,261,174,66.66666666666666,50.56885057471265,69.66,13198.470000000001,0,0,0,,,,0.0,66.66666666666666,
LATE,NF,CREDIT,BEAR_CALL,EDGE_MISSING,VIX_14_16,PCR_GT_1_05,WALL_UNKNOWN,255,255,164,64.31372549019608,238.5316862745098,139.3,60825.58,0,0,0,,,,0.0,64.31372549019608,
MIDDAY,NF,CREDIT,BULL_PUT,EDGE_MISSING,VIX_12_14,PCR_LT_0_95,WALL_UNKNOWN,316,298,139,46.644295302013425,91.43395973154362,-32.81,27247.32,0,0,0,,,,0.0,46.644295302013425,
LATE,BNF,CREDIT,BEAR_CALL,EDGE_MISSING,VIX_12_14,PCR_LT_0_95,WALL_UNKNOWN,1074,1019,104,10.206084396467125,-566.7915996074584,-629.64,-577560.64,0,0,0,,,,0.0,10.206084396467125,
LATE,NF,CREDIT,BEAR_CALL,EDGE_MISSING,VIX_12_14,PCR_LT_0_95,WALL_UNKNOWN,218,206,95,46.116504854368934,-91.17961165048544,-56.625,-18783.0,0,0,0,,,,0.0,46.116504854368934,
MORNING_LOCK,BNF,CREDIT,BEAR_CALL,EDGE_MISSING,VIX_12_14,PCR_LT_0_95,WALL_UNKNOWN,435,405,92,22.71604938271605,-368.12938271604935,-411.22,-149092.4,0,0,0,,,,0.0,22.71604938271605,
MIDDAY,NF,CREDIT,BEAR_CALL,EDGE_MISSING,VIX_12_14,PCR_LT_0_95,WALL_UNKNOWN,210,196,82,41.83673469387755,-440.03688775510204,-77.305,-86247.23,0,0,0,,,,0.0,41.83673469387755,
MIDDAY,BNF,CREDIT,BULL_PUT,EDGE_MISSING,VIX_12_14,PCR_LT_0_95,WALL_UNKNOWN,780,745,79,10.604026845637584,-846.0434228187919,-434.97,-630302.35,0,0,0,,,,0.0,10.604026845637584,
MORNING_LOCK,NF,CREDIT,BULL_PUT,EDGE_MISSING,VIX_12_14,PCR_0_95_1_05,WALL_UNKNOWN,87,87,77,88.50574712643679,269.994367816092,240.17,23489.510000000002,0,0,0,,,,0.0,88.50574712643679,
MIDDAY,BNF,CREDIT,BULL_PUT,EDGE_MISSING,VIX_12_14,PCR_0_95_1_05,WALL_UNKNOWN,335,320,76,23.75,-641.14609375,-291.615,-205166.75,0,0,0,,,,0.0,23.75,
MIDDAY,NF,CREDIT,BULL_PUT,EDGE_MISSING,VIX_12_14,PCR_0_95_1_05,WALL_UNKNOWN,143,134,68,50.74626865671642,247.72201492537314,343.55999999999995,33194.75,0,0,0,,,,0.0,50.74626865671642,
MORNING_LOCK,NF,CREDIT,BULL_PUT,EDGE_MISSING,VIX_12_14,PCR_GT_1_05,WALL_UNKNOWN,56,56,56,100.0,578.49,557.025,32395.44,0,0,0,,,,0.0,100.0,
LATE,NF,CREDIT,IRON_CONDOR,EDGE_MISSING,VIX_12_14,PCR_LT_0_95,WALL_UNKNOWN,165,161,51,31.67701863354037,-64.8292546583851,-50.53,-10437.51,0,0,0,,,,0.0,31.67701863354037,
MORNING_LOCK,BNF,CREDIT,BULL_PUT,EDGE_MISSING,VIX_12_14,PCR_LT_0_95,WALL_UNKNOWN,280,265,46,17.358490566037734,-708.0889056603773,-292.84,-187643.56,0,0,0,,,,0.0,17.358490566037734,
MORNING_LOCK,BNF,CREDIT,BULL_PUT,EDGE_MISSING,VIX_12_14,PCR_GT_1_05,WALL_UNKNOWN,105,105,39,37.142857142857146,-366.0560952380952,-105.52,-38435.89,0,0,0,,,,0.0,37.142857142857146,
MIDDAY,BNF,CREDIT,BEAR_CALL,EDGE_MISSING,VIX_12_14,PCR_0_95_1_05,WALL_UNKNOWN,335,320,39,12.1875,-287.21259375,-359.21500000000003,-91908.03,0,0,0,,,,0.0,12.1875,
MORNING_LOCK,BNF,CREDIT,BEAR_CALL,EDGE_MISSING,VIX_12_14,PCR_0_95_1_05,WALL_UNKNOWN,115,110,34,30.909090909090907,-235.2510909090909,-436.975,-25877.62,0,0,0,,,,0.0,30.909090909090907,
MORNING_LOCK,BNF,CREDIT,BULL_PUT,EDGE_MISSING,VIX_12_14,PCR_0_95_1_05,WALL_UNKNOWN,100,95,30,31.57894736842105,-256.5282105263158,-257.88,-24370.18,0,0,0,,,,0.0,31.57894736842105,
MIDDAY,NF,CREDIT,IRON_CONDOR,EDGE_MISSING,VIX_12_14,PCR_LT_0_95,WALL_UNKNOWN,199,190,29,15.263157894736842,-289.11552631578945,-124.095,-54931.95,0,0,0,,,,0.0,15.263157894736842,
LATE,BNF,CREDIT,BEAR_CALL,EDGE_MISSING,VIX_12_14,PCR_0_95_1_05,WALL_UNKNOWN,245,230,28,12.173913043478262,-249.78991304347826,-290.245,-57451.68,0,0,0,,,,0.0,12.173913043478262,
MIDDAY,BNF,CREDIT,BEAR_CALL,EDGE_LT_0,VIX_12_14,PCR_LT_0_95,WALL_UNKNOWN,90,80,26,32.5,-45.931375,-54.915000000000006,-3674.51,0,0,0,,,,0.0,32.5,
LATE,NF,CREDIT,BEAR_CALL,EDGE_MISSING,VIX_12_14,PCR_GT_1_05,WALL_UNKNOWN,25,25,25,100.0,1070.0304,1076.83,26750.760000000002,0,0,0,,,,0.0,100.0,
MIDDAY,BNF,CREDIT,BULL_PUT,EDGE_MISSING,VIX_12_14,PCR_GT_1_05,WALL_UNKNOWN,115,115,25,21.73913043478261,-349.8062608695652,-397.66,-40227.72,0,0,0,,,,0.0,21.73913043478261,
MORNING_LOCK,NF,CREDIT,BULL_PUT,EDGE_MISSING,VIX_12_14,PCR_LT_0_95,WALL_UNKNOWN,88,77,21,27.27272727272727,-30.26480519480519,-33.6,-2330.39,0,0,0,,,,0.0,27.27272727272727,
MORNING_LOCK,BNF,CREDIT,BEAR_CALL,EDGE_MISSING,VIX_12_14,PCR_GT_1_05,WALL_UNKNOWN,100,100,21,21.0,-755.3624000000001,-1066.405,-75536.24,0,0,0,,,,0.0,21.0,
LATE,BNF,CREDIT,BEAR_CALL,EDGE_LT_0,VIX_12_14,PCR_LT_0_95,WALL_UNKNOWN,120,115,21,18.26086956521739,-155.91521739130434,-168.67,-17930.25,0,0,0,,,,0.0,18.26086956521739,
LATE,NF,CREDIT,BULL_PUT,EDGE_MISSING,VIX_12_14,PCR_0_95_1_05,WALL_UNKNOWN,35,20,20,100.0,509.11800000000005,500.24,10182.36,0,0,0,,,,0.0,100.0,
MIDDAY,NF,DEBIT,BEAR_PUT,EDGE_MISSING,VIX_12_14,PCR_LT_0_95,WALL_UNKNOWN,20,20,19,95.0,2270.4395,1945.725,45408.79,0,0,0,,,,0.0,95.0,
MORNING_LOCK,NF,DEBIT,BEAR_PUT,EDGE_MISSING,VIX_12_14,PCR_LT_0_95,WALL_UNKNOWN,27,25,16,64.0,1308.6884,1662.69,32717.21,0,0,0,,,,0.0,64.0,
LATE,BNF,CREDIT,BEAR_CALL,EDGE_MISSING,VIX_12_14,PCR_GT_1_05,WALL_UNKNOWN,70,70,14,20.0,-356.16900000000004,-674.6800000000001,-24931.83,0,0,0,,,,0.0,20.0,
LATE,NF,DEBIT,BEAR_PUT,EDGE_MISSING,VIX_14_16,PCR_GT_1_05,WALL_UNKNOWN,36,36,13,36.11111111111111,3.153333333333337,-57.185,113.52000000000012,0,0,0,,,,0.0,36.11111111111111,
LATE,NF,CREDIT,BULL_PUT,EDGE_MISSING,VIX_14_16,PCR_GT_1_05,WALL_UNKNOWN,105,105,12,11.428571428571429,-255.91866666666667,-200.65,-26871.46,0,0,0,,,,0.0,11.428571428571429,
LATE,BNF,CREDIT,BULL_PUT,EDGE_MISSING,VIX_12_14,PCR_0_95_1_05,WALL_UNKNOWN,245,230,12,5.217391304347826,-750.9776086956522,-564.0350000000001,-172724.85,0,0,0,,,,0.0,5.217391304347826,
MIDDAY,NF,CREDIT,BEAR_CALL,EDGE_MISSING,VIX_12_14,PCR_0_95_1_05,WALL_UNKNOWN,59,57,11,19.298245614035086,-908.1619298245614,-1273.86,-51765.23,0,0,0,,,,0.0,19.298245614035086,
LATE,NF,DEBIT,BEAR_PUT,EDGE_MISSING,VIX_12_14,PCR_GT_1_05,WALL_UNKNOWN,10,10,10,100.0,930.559,907.0450000000001,9305.59,0,0,0,,,,0.0,100.0,
MORNING_LOCK,BNF,DEBIT,BEAR_PUT,EDGE_MISSING,VIX_12_14,PCR_LT_0_95,WALL_UNKNOWN,22,20,10,50.0,178.964,-7.724999999999998,3579.28,0,0,0,,,,0.0,50.0,
MIDDAY,NF,CREDIT,IRON_CONDOR,EDGE_MISSING,VIX_12_14,PCR_0_95_1_05,WALL_UNKNOWN,98,93,10,10.75268817204301,-402.5611827956989,-470.08,-37438.19,0,0,0,,,,0.0,10.75268817204301,
MORNING_LOCK,NF,CREDIT,BEAR_CALL,EDGE_MISSING,VIX_12_14,PCR_LT_0_95,WALL_UNKNOWN,36,29,8,27.586206896551722,-108.5758620689655,-177.93,-3148.7,0,0,0,,,,0.0,27.586206896551722,
LATE,BNF,CREDIT,BULL_PUT,EDGE_LT_0,VIX_12_14,PCR_LT_0_95,WALL_UNKNOWN,110,105,8,7.6190476190476195,-298.1404761904762,-318.03,-31304.75,0,0,0,,,,0.0,7.6190476190476195,
MORNING_LOCK,NF,CREDIT,BEAR_CALL,EDGE_MISSING,VIX_12_14,PCR_0_95_1_05,WALL_UNKNOWN,41,41,5,12.195121951219512,-403.62365853658537,-399.93,-16548.57,0,0,0,,,,0.0,12.195121951219512,
LATE,BNF,CREDIT,BEAR_CALL,EDGE_MISSING,VIX_14_16,PCR_GT_1_05,WALL_UNKNOWN,85,85,5,5.88235294117647,-785.6688235294118,-844.56,-66781.85,0,0,0,,,,0.0,5.88235294117647,
MORNING_LOCK,NF,DEBIT,BEAR_PUT,EDGE_MISSING,VIX_12_14,PCR_0_95_1_05,WALL_UNKNOWN,4,4,4,100.0,1827.7825,1828.595,7311.13,0,0,0,,,,0.0,100.0,
MORNING_LOCK,BNF,DEBIT,BEAR_PUT,EDGE_MISSING,VIX_12_14,PCR_0_95_1_05,WALL_UNKNOWN,10,10,4,40.0,-170.987,-335.96500000000003,-1709.87,0,0,0,,,,0.0,40.0,
LATE,BNF,CREDIT,BEAR_CALL,EDGE_MISSING,VIX_LT_12,PCR_LT_0_95,WALL_UNKNOWN,75,75,4,5.333333333333334,-474.50546666666673,-456.94,-35587.91,0,0,0,,,,0.0,5.333333333333334,
LATE,BNF,DEBIT,BEAR_PUT,EDGE_MISSING,VIX_12_14,PCR_GT_1_05,WALL_UNKNOWN,12,12,3,25.0,-314.94,-296.075,-3779.28,0,0,0,,,,0.0,25.0,
MORNING_LOCK,NF,CREDIT,IRON_CONDOR,EDGE_MISSING,VIX_12_14,PCR_0_95_1_05,WALL_UNKNOWN,58,58,3,5.172413793103448,-272.75603448275865,-238.345,-15819.85,0,0,0,,,,0.0,5.172413793103448,
MIDDAY,BNF,DEBIT,BEAR_PUT,EDGE_MISSING,VIX_12_14,PCR_LT_0_95,WALL_UNKNOWN,6,6,2,33.33333333333333,-245.26,-527.325,-1471.56,0,0,0,,,,0.0,33.33333333333333,
MORNING_LOCK,BNF,DEBIT,BULL_CALL,EDGE_MISSING,VIX_12_14,PCR_GT_1_05,WALL_UNKNOWN,13,13,1,7.6923076923076925,-532.1761538461539,-406.36,-6918.29,0,0,0,,,,0.0,7.6923076923076925,
LATE,BNF,CREDIT,BEAR_CALL,EDGE_LT_0,VIX_LT_12,PCR_LT_0_95,WALL_UNKNOWN,0,0,0,,,,0.0,30,30,30,100.0,204.85000000000056,138.00000000000153,6145.500000000017,-100.0,
LATE,BNF,CREDIT,BEAR_CALL,EDGE_25_PLUS,VIX_12_14,PCR_LT_0_95,WALL_UNKNOWN,0,0,0,,,,0.0,3,3,2,66.66666666666666,-279.28666666666646,24.00000000000034,-837.8599999999993,-66.66666666666666,
LATE,BNF,DEBIT,BEAR_PUT,EDGE_25_PLUS,VIX_12_14,PCR_GT_1_05,WALL_UNKNOWN,0,0,0,,,,0.0,5,5,0,0.0,-17548.8,-16725.0,-87744.0,0.0,
LATE,BNF,DEBIT,BEAR_PUT,EDGE_25_PLUS,VIX_14_16,PCR_GT_1_05,WALL_UNKNOWN,0,0,0,,,,0.0,45,45,0,0.0,-14171.6,-13620.000000000002,-637722.0,0.0,
LATE,BNF,DEBIT,BEAR_PUT,EDGE_MISSING,VIX_14_16,PCR_GT_1_05,WALL_UNKNOWN,21,21,0,0.0,-800.7838095238095,-825.64,-16816.46,0,0,0,,,,0.0,0.0,
LATE,BNF,DEBIT,BEAR_PUT,EDGE_25_PLUS,VIX_12_14,PCR_LT_0_95,WALL_UNKNOWN,0,0,0,,,,0.0,17,17,0,0.0,-13030.323529411764,-11988.0,-221515.5,0.0,
LATE,BNF,DEBIT,BEAR_PUT,EDGE_MISSING,VIX_12_14,PCR_LT_0_95,WALL_UNKNOWN,3,3,0,0.0,-294.85999999999996,-277.58,-884.5799999999999,0,0,0,,,,0.0,0.0,
LATE,BNF,CREDIT,BULL_PUT,EDGE_LT_0,VIX_LT_12,PCR_LT_0_95,WALL_UNKNOWN,0,0,0,,,,0.0,55,55,1,1.8181818181818181,-115.96363636363621,-115.49999999999983,-6377.999999999992,-1.8181818181818181,
LATE,BNF,CREDIT,BULL_PUT,EDGE_MISSING,VIX_LT_12,PCR_LT_0_95,WALL_UNKNOWN,40,40,0,0.0,-1209.98425,-1176.3200000000002,-48399.37,0,0,0,,,,0.0,0.0,
LATE,BNF,CREDIT,BULL_PUT,EDGE_MISSING,VIX_14_16,PCR_GT_1_05,WALL_UNKNOWN,35,35,0,0.0,-1032.6614285714286,-1064.84,-36143.15,0,0,0,,,,0.0,0.0,
LATE,BNF,CREDIT,BULL_PUT,EDGE_MISSING,VIX_12_14,PCR_GT_1_05,WALL_UNKNOWN,55,55,0,0.0,-678.5698181818182,-672.56,-37321.34,0,0,0,,,,0.0,0.0,
LATE,NF,CREDIT,BEAR_CALL,EDGE_MISSING,VIX_12_14,PCR_0_95_1_05,WALL_UNKNOWN,35,20,0,0.0,-543.592,-541.2,-10871.84,0,0,0,,,,0.0,0.0,
LATE,NF,DEBIT,BEAR_PUT,EDGE_25_PLUS,VIX_14_16,PCR_GT_1_05,WALL_UNKNOWN,0,0,0,,,,0.0,28,28,0,0.0,-10939.964285714286,-11090.625,-306319.0,0.0,
LATE,NF,CREDIT,IRON_CONDOR,EDGE_MISSING,VIX_12_14,PCR_0_95_1_05,WALL_UNKNOWN,24,16,0,0.0,-351.364375,-356.05,-5621.83,0,0,0,,,,0.0,0.0,
MIDDAY,BNF,CREDIT,BEAR_CALL,EDGE_LT_0,VIX_LT_12,PCR_LT_0_95,WALL_UNKNOWN,0,0,0,,,,0.0,95,95,95,100.0,805.4842105263155,718.5000000000005,76520.99999999997,-100.0,
MIDDAY,BNF,CREDIT,BEAR_CALL,EDGE_MISSING,VIX_12_14,PCR_GT_1_05,WALL_UNKNOWN,115,115,0,0.0,-1156.6641739130434,-1097.02,-133016.38,0,0,0,,,,0.0,0.0,
MIDDAY,BNF,DEBIT,BEAR_PUT,EDGE_25_PLUS,VIX_12_14,PCR_LT_0_95,WALL_UNKNOWN,0,0,0,,,,0.0,48,48,11,22.916666666666664,-8227.111111111111,-10122.0,-222132.0,-22.916666666666664,
MIDDAY,BNF,CREDIT,BULL_PUT,EDGE_LT_0,VIX_LT_12,PCR_LT_0_95,WALL_UNKNOWN,0,0,0,,,,0.0,195,195,0,0.0,-567.7846153846167,-543.0000000000016,-110718.00000000025,0.0,
MIDDAY,BNF,CREDIT,BULL_PUT,EDGE_LT_0,VIX_12_14,PCR_LT_0_95,WALL_UNKNOWN,100,90,0,0.0,-316.1187777777778,-335.395,-28450.69,0,0,0,,,,0.0,0.0,
MIDDAY,NF,DEBIT,BEAR_PUT,EDGE_25_PLUS,VIX_12_14,PCR_LT_0_95,WALL_UNKNOWN,0,0,0,,,,0.0,16,16,4,25.0,1056.25,968.5,4225.0,-25.0,
MORNING_LOCK,BNF,CREDIT,BEAR_CALL,EDGE_LT_0,VIX_LT_12,PCR_LT_0_95,WALL_UNKNOWN,0,0,0,,,,0.0,40,40,40,100.0,958.1625000000004,912.000000000001,38326.500000000015,-100.0,
MORNING_LOCK,BNF,DEBIT,BEAR_PUT,EDGE_25_PLUS,VIX_12_14,PCR_0_95_1_05,WALL_UNKNOWN,0,0,0,,,,0.0,9,9,0,0.0,-16530.0,-16802.999999999996,-148770.0,0.0,
MORNING_LOCK,BNF,DEBIT,BEAR_PUT,EDGE_25_PLUS,VIX_12_14,PCR_LT_0_95,WALL_UNKNOWN,0,0,0,,,,0.0,102,102,39,38.23529411764706,-2484.8333333333335,307.5,-111817.50000000001,-38.23529411764706,
MORNING_LOCK,BNF,CREDIT,BULL_PUT,EDGE_LT_0,VIX_LT_12,PCR_LT_0_95,WALL_UNKNOWN,0,0,0,,,,0.0,95,95,0,0.0,-562.0105263157908,-538.5000000000014,-53391.00000000013,0.0,
MORNING_LOCK,NF,CREDIT,BEAR_CALL,EDGE_MISSING,VIX_12_14,PCR_GT_1_05,WALL_UNKNOWN,25,25,0,0.0,-806.3012,-436.72,-20157.53,0,0,0,,,,0.0,0.0,
MORNING_LOCK,NF,DEBIT,BEAR_PUT,EDGE_25_PLUS,VIX_12_14,PCR_LT_0_95,WALL_UNKNOWN,0,0,0,,,,0.0,45,45,21,46.666666666666664,993.5714285714286,1017.25,20865.0,-46.666666666666664,
MORNING_LOCK,NF,DEBIT,BULL_CALL,EDGE_25_PLUS,VIX_12_14,PCR_GT_1_05,WALL_UNKNOWN,0,0,0,,,,0.0,4,4,0,0.0,-11723.5625,-11995.75,-46894.25,0.0,
MORNING_LOCK,NF,DEBIT,BULL_CALL,EDGE_MISSING,VIX_12_14,PCR_GT_1_05,WALL_UNKNOWN,5,5,0,0.0,-916.7459999999999,-945.03,-4583.73,0,0,0,,,,0.0,0.0,
MORNING_LOCK,NF,CREDIT,IRON_CONDOR,EDGE_MISSING,VIX_12_14,PCR_GT_1_05,WALL_UNKNOWN,33,33,0,0.0,-623.5645454545455,-610.29,-20577.63,0,0,0,,,,0.0,0.0,
MORNING_LOCK,NF,CREDIT,IRON_CONDOR,EDGE_MISSING,VIX_12_14,PCR_LT_0_95,WALL_UNKNOWN,35,31,0,0.0,-149.15516129032258,-161.93,-4623.81,0,0,0,,,,0.0,0.0,
