trade_id,strategy,gross_pnl,friction_cost,net_pnl,net_won,reason_if_null
7,BULL_PUT,-1593.0,,,,NULL_EXIT_PREMIUM
8,BULL_PUT,-577.0,,,,NULL_EXIT_PREMIUM
5,BULL_PUT,-3182.0,,,,NULL_EXIT_PREMIUM
6,BULL_PUT,-1551.0,,,,NULL_EXIT_PREMIUM
9,BEAR_CALL,1323.0,,,,MISSING_CLOSE_LEG_QUOTES
13,IRON_CONDOR,2106.0,,,,MISSING_CLOSE_LEG_QUOTES
11,BEAR_CALL,3143.0,,,,MISSING_CLOSE_LEG_QUOTES
12,BEAR_CALL,2105.0,,,,MISSING_CLOSE_LEG_QUOTES
10,BEAR_CALL,2469.0,,,,MISSING_CLOSE_LEG_QUOTES
17,IRON_BUTTERFLY,8805.0,,,,MISSING_CLOSE_LEG_QUOTES
15,IRON_CONDOR,2675.0,,,,MISSING_CLOSE_LEG_QUOTES
23,IRON_BUTTERFLY,10017.0,,,,MISSING_CLOSE_LEG_QUOTES
22,IRON_CONDOR,1882.0,,,,MISSING_CLOSE_LEG_QUOTES
16,BULL_PUT,-521.0,,,,MISSING_CLOSE_LEG_QUOTES
14,BULL_PUT,-1059.0,,,,MISSING_CLOSE_LEG_QUOTES
27,IRON_BUTTERFLY,14508.0,,,,MISSING_CLOSE_LEG_QUOTES
26,IRON_CONDOR,7335.0,,,,MISSING_CLOSE_LEG_QUOTES
25,IRON_BUTTERFLY,12272.0,,,,MISSING_CLOSE_LEG_QUOTES
24,BEAR_CALL,2040.0,,,,MISSING_CLOSE_LEG_QUOTES
29,IRON_BUTTERFLY,11631.0,,,,MISSING_CLOSE_LEG_QUOTES
32,IRON_BUTTERFLY,7491.0,,,,MISSING_CLOSE_LEG_QUOTES
31,BEAR_CALL,-1622.0,,,,MISSING_CLOSE_LEG_QUOTES
30,BEAR_CALL,-2224.0,,,,MISSING_CLOSE_LEG_QUOTES
28,BEAR_CALL,-1707.0,,,,MISSING_CLOSE_LEG_QUOTES
33,IRON_CONDOR,1345.0,,,,MISSING_CLOSE_LEG_QUOTES
34,IRON_BUTTERFLY,7602.0,,,,MISSING_CLOSE_LEG_QUOTES
35,IRON_BUTTERFLY,11051.0,,,,MISSING_CLOSE_LEG_QUOTES
36,BEAR_CALL,-110.0,,,,MISSING_CLOSE_LEG_QUOTES
38,IRON_CONDOR,0.0,,,,NULL_EXIT_PREMIUM
41,IRON_BUTTERFLY,10156.0,,,,MISSING_CLOSE_LEG_QUOTES
39,IRON_CONDOR,71.0,,,,MISSING_CLOSE_LEG_QUOTES
37,IRON_CONDOR,88.0,,,,MISSING_CLOSE_LEG_QUOTES
40,IRON_CONDOR,7461.0,,,,MISSING_CLOSE_LEG_QUOTES
42,IRON_CONDOR,8686.0,,,,MISSING_CLOSE_LEG_QUOTES
45,IRON_BUTTERFLY,5574.0,,,,MISSING_CLOSE_LEG_QUOTES
43,IRON_CONDOR,559.0,,,,MISSING_CLOSE_LEG_QUOTES
47,IRON_CONDOR,-731.0,,,,MISSING_CLOSE_LEG_QUOTES
44,BEAR_CALL,-1533.0,,,,MISSING_CLOSE_LEG_QUOTES
46,BEAR_CALL,-1683.0,,,,MISSING_CLOSE_LEG_QUOTES
48,IRON_CONDOR,-1874.0,,,,MISSING_CLOSE_LEG_QUOTES
51,BULL_CALL,15522.0,,,,MISSING_CLOSE_LEG_QUOTES
50,BULL_CALL,20683.0,,,,MISSING_CLOSE_LEG_QUOTES
49,BULL_CALL,672.0,,,,MISSING_CLOSE_LEG_QUOTES
54,IRON_BUTTERFLY,9411.0,,,,MISSING_CLOSE_LEG_QUOTES
52,IRON_BUTTERFLY,8161.0,,,,MISSING_CLOSE_LEG_QUOTES
53,IRON_CONDOR,384.0,,,,MISSING_CLOSE_LEG_QUOTES
55,IRON_CONDOR,7931.0,,,,MISSING_CLOSE_LEG_QUOTES
56,IRON_BUTTERFLY,7953.0,,,,MISSING_CLOSE_LEG_QUOTES
57,IRON_CONDOR,536.0,,,,MISSING_CLOSE_LEG_QUOTES
58,IRON_BUTTERFLY,9436.0,,,,MISSING_CLOSE_LEG_QUOTES
59,IRON_CONDOR,4842.0,,,,MISSING_CLOSE_LEG_QUOTES
60,IRON_CONDOR,6374.0,,,,MISSING_CLOSE_LEG_QUOTES
61,IRON_CONDOR,7614.0,,,,MISSING_CLOSE_LEG_QUOTES
63,IRON_CONDOR,533.0,,,,MISSING_CLOSE_LEG_QUOTES
64,IRON_CONDOR,738.0,,,,MISSING_CLOSE_LEG_QUOTES
65,IRON_CONDOR,6374.0,,,,MISSING_CLOSE_LEG_QUOTES
62,IRON_CONDOR,1604.0,,,,MISSING_CLOSE_LEG_QUOTES
68,IRON_CONDOR,5066.0,,,,MISSING_CLOSE_LEG_QUOTES
69,IRON_BUTTERFLY,9708.0,,,,MISSING_CLOSE_LEG_QUOTES
71,IRON_CONDOR,6501.0,,,,MISSING_CLOSE_LEG_QUOTES
67,IRON_BUTTERFLY,8148.0,,,,MISSING_CLOSE_LEG_QUOTES
70,IRON_CONDOR,3091.0,,,,MISSING_CLOSE_LEG_QUOTES
66,BEAR_CALL,2235.0,,,,MISSING_CLOSE_LEG_QUOTES
72,BEAR_CALL,-1414.0,,,,MISSING_CLOSE_LEG_QUOTES
73,BEAR_CALL,-1765.0,,,,MISSING_CLOSE_LEG_QUOTES
74,BEAR_CALL,-1524.0,,,,MISSING_CLOSE_LEG_QUOTES
75,BEAR_CALL,-1787.0,,,,MISSING_CLOSE_LEG_QUOTES
77,IRON_CONDOR,556.0,,,,MISSING_CLOSE_LEG_QUOTES
79,IRON_CONDOR,6335.0,,,,MISSING_CLOSE_LEG_QUOTES
80,IRON_BUTTERFLY,9895.0,,,,MISSING_CLOSE_LEG_QUOTES
78,IRON_BUTTERFLY,6461.0,,,,MISSING_CLOSE_LEG_QUOTES
76,BEAR_CALL,-416.0,,,,MISSING_CLOSE_LEG_QUOTES
83,BEAR_CALL,2480.0,,,,MISSING_CLOSE_LEG_QUOTES
82,BEAR_CALL,2447.0,,,,MISSING_CLOSE_LEG_QUOTES
81,BEAR_CALL,2087.0,,,,MISSING_CLOSE_LEG_QUOTES
85,IRON_CONDOR,3885.0,,,,MISSING_CLOSE_LEG_QUOTES
84,BEAR_CALL,2325.0,,,,MISSING_CLOSE_LEG_QUOTES
87,BEAR_CALL,-3016.0,,,,MISSING_CLOSE_LEG_QUOTES
86,IRON_BUTTERFLY,7470.0,,,,MISSING_CLOSE_LEG_QUOTES
88,IRON_CONDOR,6760.0,,,,MISSING_CLOSE_LEG_QUOTES
89,IRON_BUTTERFLY,10214.0,,,,MISSING_CLOSE_LEG_QUOTES
90,BEAR_CALL,-1422.0,,,,MISSING_CLOSE_LEG_QUOTES
91,BULL_PUT,-2848.0,,,,MISSING_CLOSE_LEG_QUOTES
95,IRON_CONDOR,5526.0,,,,MISSING_CLOSE_LEG_QUOTES
94,IRON_BUTTERFLY,10343.0,,,,MISSING_CLOSE_LEG_QUOTES
93,IRON_CONDOR,721.0,,,,MISSING_CLOSE_LEG_QUOTES
92,IRON_BUTTERFLY,8785.0,,,,MISSING_CLOSE_LEG_QUOTES
96,IRON_BUTTERFLY,9126.0,,,,MISSING_CLOSE_LEG_QUOTES
98,BULL_PUT,1433.0,,,,MISSING_CLOSE_LEG_QUOTES
97,BULL_PUT,1599.0,,,,MISSING_CLOSE_LEG_QUOTES
99,IRON_BUTTERFLY,7787.0,,,,MISSING_CLOSE_LEG_QUOTES
100,IRON_CONDOR,481.0,,,,MISSING_CLOSE_LEG_QUOTES
104,IRON_BUTTERFLY,10185.0,,,,MISSING_CLOSE_LEG_QUOTES
103,IRON_CONDOR,5421.0,,,,MISSING_CLOSE_LEG_QUOTES
102,IRON_BUTTERFLY,8154.0,,,,MISSING_CLOSE_LEG_QUOTES
101,IRON_CONDOR,3078.0,,,,MISSING_CLOSE_LEG_QUOTES
105,IRON_CONDOR,0.0,,,,NULL_EXIT_PREMIUM
106,IRON_CONDOR,0.0,,,,NULL_EXIT_PREMIUM
107,IRON_BUTTERFLY,0.0,,,,NULL_EXIT_PREMIUM
108,IRON_CONDOR,0.0,,,,NULL_EXIT_PREMIUM
109,IRON_BUTTERFLY,0.0,,,,NULL_EXIT_PREMIUM
110,IRON_CONDOR,17.0,,,,MISSING_CLOSE_LEG_QUOTES
112,IRON_CONDOR,5.0,,,,MISSING_CLOSE_LEG_QUOTES
111,IRON_CONDOR,31.0,,,,MISSING_CLOSE_LEG_QUOTES
114,BEAR_CALL,2994.0,,,,MISSING_CLOSE_LEG_QUOTES
113,BEAR_CALL,2575.0,,,,MISSING_CLOSE_LEG_QUOTES
115,IRON_CONDOR,390.0,,,,MISSING_CLOSE_LEG_QUOTES
116,BULL_PUT,2487.0,,,,MISSING_CLOSE_LEG_QUOTES
117,IRON_CONDOR,-88.0,,,,MISSING_CLOSE_LEG_QUOTES
118,IRON_CONDOR,-29.0,,,,MISSING_CLOSE_LEG_QUOTES
119,IRON_CONDOR,-88.0,,,,MISSING_CLOSE_LEG_QUOTES
120,IRON_CONDOR,-91.0,,,,MISSING_CLOSE_LEG_QUOTES
123,BEAR_CALL,117.0,,,,MISSING_CLOSE_LEG_QUOTES
122,IRON_CONDOR,796.0,,,,MISSING_CLOSE_LEG_QUOTES
121,IRON_CONDOR,332.0,,,,MISSING_CLOSE_LEG_QUOTES
124,BULL_PUT,-780.0,,,,MISSING_CLOSE_LEG_QUOTES
125,IRON_CONDOR,-68.0,,,,MISSING_CLOSE_LEG_QUOTES
126,BEAR_CALL,-202.0,,,,MISSING_CLOSE_LEG_QUOTES
128,IRON_CONDOR,20.0,,,,MISSING_CLOSE_LEG_QUOTES
127,IRON_CONDOR,33.0,,,,MISSING_CLOSE_LEG_QUOTES
129,IRON_CONDOR,-634.0,,,,MISSING_CLOSE_LEG_QUOTES
130,IRON_CONDOR,-972.0,,,,MISSING_CLOSE_LEG_QUOTES
131,IRON_CONDOR,-1111.0,,,,MISSING_CLOSE_LEG_QUOTES
132,BEAR_PUT,-208.0,,,,MISSING_CLOSE_LEG_QUOTES
133,BEAR_PUT,-211.0,,,,MISSING_CLOSE_LEG_QUOTES
134,IRON_CONDOR,536.0,,,,MISSING_CLOSE_LEG_QUOTES
135,BEAR_PUT,1287.0,,,,MISSING_CLOSE_LEG_QUOTES
136,IRON_CONDOR,396.0,,,,MISSING_CLOSE_LEG_QUOTES
137,BEAR_CALL,-879.0,,,,MISSING_CLOSE_LEG_QUOTES
138,BEAR_CALL,-431.0,,,,NULL_EXIT_PREMIUM
139,IRON_CONDOR,-1165.0,,,,MISSING_CLOSE_LEG_QUOTES
141,IRON_CONDOR,-1328.0,,,,MISSING_CLOSE_LEG_QUOTES
142,IRON_CONDOR,-1354.0,,,,NULL_EXIT_PREMIUM
140,BEAR_CALL,-423.0,,,,NULL_EXIT_PREMIUM
143,BEAR_CALL,-76.0,,,,MISSING_CLOSE_LEG_QUOTES
144,BEAR_CALL,-426.0,,,,MISSING_CLOSE_LEG_QUOTES
145,BEAR_CALL,164.0,,,,MISSING_CLOSE_LEG_QUOTES
146,BEAR_PUT,819.0,,,,MISSING_CLOSE_LEG_QUOTES
147,BEAR_CALL,-1973.0,,,,MISSING_CLOSE_LEG_QUOTES
148,BEAR_CALL,-413.0,,,,NULL_EXIT_PREMIUM
149,BEAR_CALL,-585.0,,,,MISSING_CLOSE_LEG_QUOTES
150,BEAR_CALL,-413.0,,,,NULL_EXIT_PREMIUM
151,IRON_CONDOR,-1250.0,,,,MISSING_CLOSE_LEG_QUOTES
152,IRON_CONDOR,-359.0,,,,MISSING_CLOSE_LEG_QUOTES
153,IRON_CONDOR,-233.0,,,,NULL_EXIT_PREMIUM
154,IRON_CONDOR,-238.0,,,,MISSING_CLOSE_LEG_QUOTES
156,BEAR_CALL,56.0,,,,MISSING_CLOSE_LEG_QUOTES
155,IRON_CONDOR,-234.0,,,,NULL_EXIT_PREMIUM
157,BULL_PUT,49.0,,,,MISSING_CLOSE_LEG_QUOTES
158,BULL_PUT,-116.0,,,,NULL_EXIT_PREMIUM
161,BEAR_PUT,486.0,,,,MISSING_CLOSE_LEG_QUOTES
160,BEAR_PUT,-142.0,,,,NULL_EXIT_PREMIUM
159,BEAR_CALL,215.0,,,,MISSING_CLOSE_LEG_QUOTES
162,BEAR_CALL,-151.0,,,,MISSING_CLOSE_LEG_QUOTES
163,BEAR_CALL,-62.0,,,,MISSING_CLOSE_LEG_QUOTES
164,IRON_CONDOR,-259.0,,,,NULL_EXIT_PREMIUM
165,BEAR_CALL,115.0,,,,MISSING_CLOSE_LEG_QUOTES
167,BEAR_PUT,-504.0,,,,MISSING_CLOSE_LEG_QUOTES
166,BEAR_PUT,-155.0,,,,NULL_EXIT_PREMIUM
168,BEAR_CALL,-317.0,,,,MISSING_CLOSE_LEG_QUOTES
169,BEAR_CALL,-165.0,,,,NULL_EXIT_PREMIUM
170,BEAR_PUT,883.0,,,,MISSING_CLOSE_LEG_QUOTES
171,BEAR_PUT,836.0,,,,MISSING_CLOSE_LEG_QUOTES
172,BEAR_PUT,-688.0,,,,MISSING_CLOSE_LEG_QUOTES
173,BEAR_PUT,-1359.0,,,,MISSING_CLOSE_LEG_QUOTES
174,BEAR_PUT,-147.0,,,,NULL_EXIT_PREMIUM
175,BEAR_PUT,-151.0,,,,NULL_EXIT_PREMIUM
