id,actual_pnl,canonical_won,friction_cost,net_pnl,net_won,friction_version
5,-3182,False,,,,G2_charges_only_backfill
6,-1551,False,,,,G2_charges_only_backfill
7,-1593,False,,,,G2_charges_only_backfill
8,-577,False,,,,G2_charges_only_backfill
9,1323,True,,,,G2_charges_only_backfill
10,2469,True,,,,G2_charges_only_backfill
11,3143,True,,,,G2_charges_only_backfill
12,2105,True,,,,G2_charges_only_backfill
13,2106,True,,,,G2_charges_only_backfill
14,-1059,False,,,,G2_charges_only_backfill
15,2675,True,,,,G2_charges_only_backfill
16,-521,False,,,,G2_charges_only_backfill
17,8805,True,,,,G2_charges_only_backfill
22,1882,True,,,,G2_charges_only_backfill
23,10017,True,,,,G2_charges_only_backfill
24,2040,True,,,,G2_charges_only_backfill
25,12272,True,,,,G2_charges_only_backfill
26,7335,True,,,,G2_charges_only_backfill
27,14508,True,,,,G2_charges_only_backfill
28,-1707,False,,,,G2_charges_only_backfill
29,11631,True,,,,G2_charges_only_backfill
30,-2224,False,,,,G2_charges_only_backfill
31,-1622,False,,,,G2_charges_only_backfill
32,7491,True,,,,G2_charges_only_backfill
33,1345,True,,,,G2_charges_only_backfill
34,7602,True,,,,G2_charges_only_backfill
35,11051,True,,,,G2_charges_only_backfill
36,-110,False,,,,G2_charges_only_backfill
37,88,True,,,,G2_charges_only_backfill
38,0,False,,,,G2_charges_only_backfill
39,71,True,,,,G2_charges_only_backfill
40,7461,True,,,,G2_charges_only_backfill
41,10156,True,,,,G2_charges_only_backfill
42,8686,True,,,,G2_charges_only_backfill
43,559,True,,,,G2_charges_only_backfill
44,-1533,False,,,,G2_charges_only_backfill
45,5574,True,,,,G2_charges_only_backfill
46,-1683,False,,,,G2_charges_only_backfill
47,-731,False,,,,G2_charges_only_backfill
48,-1874,False,,,,G2_charges_only_backfill
49,672,True,,,,G2_charges_only_backfill
50,20683,True,,,,G2_charges_only_backfill
51,15522,True,,,,G2_charges_only_backfill
52,8161,True,,,,G2_charges_only_backfill
53,384,True,,,,G2_charges_only_backfill
54,9411,True,,,,G2_charges_only_backfill
55,7931,True,,,,G2_charges_only_backfill
56,7953,True,,,,G2_charges_only_backfill
57,536,True,,,,G2_charges_only_backfill
58,9436,True,,,,G2_charges_only_backfill
59,4842,True,,,,G2_charges_only_backfill
60,6374,True,,,,G2_charges_only_backfill
61,7614,True,,,,G2_charges_only_backfill
62,1604,True,,,,G2_charges_only_backfill
63,533,True,,,,G2_charges_only_backfill
64,738,True,,,,G2_charges_only_backfill
65,6374,True,,,,G2_charges_only_backfill
66,2235,True,,,,G2_charges_only_backfill
67,8148,True,,,,G2_charges_only_backfill
68,5066,True,,,,G2_charges_only_backfill
69,9708,True,,,,G2_charges_only_backfill
70,3091,True,,,,G2_charges_only_backfill
71,6501,True,,,,G2_charges_only_backfill
72,-1414,False,,,,G2_charges_only_backfill
73,-1765,False,,,,G2_charges_only_backfill
74,-1524,False,,,,G2_charges_only_backfill
75,-1787,False,,,,G2_charges_only_backfill
76,-416,False,,,,G2_charges_only_backfill
77,556,True,,,,G2_charges_only_backfill
78,6461,True,,,,G2_charges_only_backfill
79,6335,True,,,,G2_charges_only_backfill
80,9895,True,,,,G2_charges_only_backfill
81,2087,True,,,,G2_charges_only_backfill
82,2447,True,,,,G2_charges_only_backfill
83,2480,True,,,,G2_charges_only_backfill
84,2325,True,,,,G2_charges_only_backfill
85,3885,True,,,,G2_charges_only_backfill
86,7470,True,,,,G2_charges_only_backfill
87,-3016,False,,,,G2_charges_only_backfill
88,6760,True,,,,G2_charges_only_backfill
89,10214,True,,,,G2_charges_only_backfill
90,-1422,False,,,,G2_charges_only_backfill
91,-2848,False,,,,G2_charges_only_backfill
92,8785,True,,,,G2_charges_only_backfill
93,721,True,,,,G2_charges_only_backfill
94,10343,True,,,,G2_charges_only_backfill
95,5526,True,,,,G2_charges_only_backfill
96,9126,True,,,,G2_charges_only_backfill
97,1599,True,,,,G2_charges_only_backfill
98,1433,True,,,,G2_charges_only_backfill
99,7787,True,,,,G2_charges_only_backfill
100,481,True,,,,G2_charges_only_backfill
101,3078,True,,,,G2_charges_only_backfill
102,8154,True,,,,G2_charges_only_backfill
103,5421,True,,,,G2_charges_only_backfill
104,10185,True,,,,G2_charges_only_backfill
105,0,False,,,,G2_charges_only_backfill
106,0,False,,,,G2_charges_only_backfill
107,0,False,,,,G2_charges_only_backfill
108,0,False,,,,G2_charges_only_backfill
109,0,False,,,,G2_charges_only_backfill
110,17,True,,,,G2_charges_only_backfill
111,31,True,,,,G2_charges_only_backfill
112,5,True,,,,G2_charges_only_backfill
113,2575,True,,,,G2_charges_only_backfill
114,2994,True,,,,G2_charges_only_backfill
115,390,True,,,,G2_charges_only_backfill
116,2487,True,,,,G2_charges_only_backfill
117,-88,False,,,,G2_charges_only_backfill
118,-29,False,,,,G2_charges_only_backfill
119,-88,False,,,,G2_charges_only_backfill
120,-91,False,,,,G2_charges_only_backfill
121,332,True,,,,G2_charges_only_backfill
122,796,True,,,,G2_charges_only_backfill
123,117,True,,,,G2_charges_only_backfill
124,-780,False,,,,G2_charges_only_backfill
125,-68,False,,,,G2_charges_only_backfill
126,-202,False,,,,G2_charges_only_backfill
127,33,True,,,,G2_charges_only_backfill
128,20,True,,,,G2_charges_only_backfill
129,-634,False,,,,G2_charges_only_backfill
130,-972,False,,,,G2_charges_only_backfill
131,-1111,False,,,,G2_charges_only_backfill
132,-208,False,,,,G2_charges_only_backfill
133,-211,False,,,,G2_charges_only_backfill
134,536,True,,,,G2_charges_only_backfill
135,1287,True,,,,G2_charges_only_backfill
136,396,True,,,,G2_charges_only_backfill
137,-879,False,,,,G2_charges_only_backfill
138,-431,False,,,,G2_charges_only_backfill
139,-1165,False,,,,G2_charges_only_backfill
140,-423,False,,,,G2_charges_only_backfill
141,-1328,False,,,,G2_charges_only_backfill
142,-1354,False,,,,G2_charges_only_backfill
143,-76,False,,,,G2_charges_only_backfill
144,-426,False,,,,G2_charges_only_backfill
145,164,True,,,,G2_charges_only_backfill
146,819,True,,,,G2_charges_only_backfill
147,-1973,False,,,,G2_charges_only_backfill
148,-413,False,,,,G2_charges_only_backfill
149,-585,False,,,,G2_charges_only_backfill
150,-413,False,,,,G2_charges_only_backfill
151,-1250,False,,,,G2_charges_only_backfill
152,-359,False,,,,G2_charges_only_backfill
153,-233,False,,,,G2_charges_only_backfill
154,-238,False,,,,G2_charges_only_backfill
155,-234,False,,,,G2_charges_only_backfill
156,56,True,,,,G2_charges_only_backfill
157,49,True,,,,G2_charges_only_backfill
158,-116,False,,,,G2_charges_only_backfill
159,215,True,,,,G2_charges_only_backfill
160,-142,False,,,,G2_charges_only_backfill
161,486,True,,,,G2_charges_only_backfill
162,-151,False,,,,G2_charges_only_backfill
163,-62,False,,,,G2_charges_only_backfill
164,-259,False,,,,G2_charges_only_backfill
165,115,True,,,,G2_charges_only_backfill
166,-155,False,,,,G2_charges_only_backfill
167,-504,False,,,,G2_charges_only_backfill
168,-317,False,,,,G2_charges_only_backfill
169,-165,False,,,,G2_charges_only_backfill
170,883,True,,,,G2_charges_only_backfill
171,836,True,,,,G2_charges_only_backfill
172,-688,False,,,,G2_charges_only_backfill
173,-1359,False,,,,G2_charges_only_backfill
174,-147,False,,,,G2_charges_only_backfill
175,-151,False,,,,G2_charges_only_backfill
