trade_id,entry_date,entry_day,strategy,index,lots,entry_prem,exit_prem,actual_pnl,lot_size_used,recon_sign,expected_pnl,implied_multiplier,recon_error,pnl_reconciles,pnl_engine,pnl_engine_reason,structure_incomplete,canonical_won,followed_app
5,2026-03-27T03:52:54.195+00:00,2026-03-27,BULL_PUT,NF,1.0,76.65,,-3182.0,65.0,1.0,,,,,UNKNOWN,MISSING_ENTRY_OR_EXIT_PREMIUM,False,False,
6,2026-03-27T03:53:04.889+00:00,2026-03-27,BULL_PUT,BNF,1.0,82.15,,-1551.0,30.0,1.0,,,,,UNKNOWN,MISSING_ENTRY_OR_EXIT_PREMIUM,False,False,
7,2026-03-27T05:33:53.134+00:00,2026-03-27,BULL_PUT,NF,1.0,76.3,,-1593.0,65.0,1.0,,,,,UNKNOWN,MISSING_ENTRY_OR_EXIT_PREMIUM,False,False,
8,2026-03-27T05:34:01.843+00:00,2026-03-27,BULL_PUT,BNF,1.0,81.25,,-577.0,30.0,1.0,,,,,UNKNOWN,MISSING_ENTRY_OR_EXIT_PREMIUM,False,False,
9,2026-03-30T03:57:58.507+00:00,2026-03-30,BEAR_CALL,NF,1.0,68.3,47.95,1323.0,65.0,1.0,1322.7499999999995,65.01228501228503,0.25000000000045475,True,RECONCILED,ACTUAL_PNL_RECONCILES_WITH_STORED_PREMIUMS,False,True,
10,2026-03-30T03:58:08.023+00:00,2026-03-30,BEAR_CALL,BNF,1.0,89.0,6.7,2469.0,30.0,1.0,2469.0,30.0,0.0,True,RECONCILED,ACTUAL_PNL_RECONCILES_WITH_STORED_PREMIUMS,False,True,
11,2026-03-30T05:33:39.998+00:00,2026-03-30,BEAR_CALL,NF,1.0,62.55,14.2,3143.0,65.0,1.0,3142.7499999999995,65.00517063081696,0.25000000000045475,True,RECONCILED,ACTUAL_PNL_RECONCILES_WITH_STORED_PREMIUMS,False,True,
12,2026-03-30T05:33:45.574+00:00,2026-03-30,BEAR_CALL,BNF,1.0,82.05,11.9,2105.0,30.0,1.0,2104.4999999999995,30.007127583749114,0.5000000000004547,True,RECONCILED,ACTUAL_PNL_RECONCILES_WITH_STORED_PREMIUMS,False,True,
13,2026-03-30T06:35:36.891+00:00,2026-03-30,IRON_CONDOR,NF,1.0,33.9,1.5,2106.0,65.0,1.0,,,,,UNTRUSTED_INCOMPLETE_STRUCTURE,FOUR_LEG_STRUCTURE_MISSING_STRIKE2,True,True,
14,2026-04-01T03:49:06.401+00:00,2026-04-01,BULL_PUT,NF,1.0,75.2,91.5,-1059.0,65.0,1.0,-1059.4999999999998,64.96932515337424,0.4999999999997726,True,RECONCILED,ACTUAL_PNL_RECONCILES_WITH_STORED_PREMIUMS,False,False,
15,2026-04-01T03:49:22.094+00:00,2026-04-01,IRON_CONDOR,NF,1.0,94.85,53.7,2675.0,65.0,1.0,,,,,UNTRUSTED_INCOMPLETE_STRUCTURE,FOUR_LEG_STRUCTURE_MISSING_STRIKE2,True,True,
16,2026-04-01T03:49:29.007+00:00,2026-04-01,BULL_PUT,BNF,1.0,70.85,88.2,-521.0,30.0,1.0,-520.5000000000002,30.02881844380402,-0.4999999999997726,True,RECONCILED,ACTUAL_PNL_RECONCILES_WITH_STORED_PREMIUMS,False,False,
17,2026-04-01T03:49:46.452+00:00,2026-04-01,IRON_BUTTERFLY,BNF,1.0,720.9,427.4,8805.0,30.0,1.0,,,,,UNTRUSTED_INCOMPLETE_STRUCTURE,FOUR_LEG_STRUCTURE_MISSING_STRIKE2,True,True,
22,2026-04-01T05:34:42.712+00:00,2026-04-01,IRON_CONDOR,NF,1.0,52.0,23.05,1882.0,65.0,1.0,,,,,UNTRUSTED_INCOMPLETE_STRUCTURE,FOUR_LEG_STRUCTURE_MISSING_STRIKE2,True,True,
23,2026-04-01T05:34:56.337+00:00,2026-04-01,IRON_BUTTERFLY,BNF,1.0,887.75,553.85,10017.0,30.0,1.0,,,,,UNTRUSTED_INCOMPLETE_STRUCTURE,FOUR_LEG_STRUCTURE_MISSING_STRIKE2,True,True,
24,2026-04-01T09:52:11.31+00:00,2026-04-01,BEAR_CALL,BNF,1.0,268.5,200.5,2040.0,30.0,1.0,2040.0,30.0,0.0,True,RECONCILED,ACTUAL_PNL_RECONCILES_WITH_STORED_PREMIUMS,False,True,
25,2026-04-01T09:52:20.37+00:00,2026-04-01,IRON_BUTTERFLY,NF,1.0,250.45,61.65,12272.0,65.0,1.0,,,,,UNTRUSTED_INCOMPLETE_STRUCTURE,FOUR_LEG_STRUCTURE_MISSING_STRIKE2,True,True,
26,2026-04-01T09:52:31.16+00:00,2026-04-01,IRON_CONDOR,NF,1.0,137.25,24.4,7335.0,65.0,1.0,,,,,UNTRUSTED_INCOMPLETE_STRUCTURE,FOUR_LEG_STRUCTURE_MISSING_STRIKE2,True,True,
27,2026-04-01T09:53:19.987+00:00,2026-04-01,IRON_BUTTERFLY,BNF,1.0,884.4,400.8,14508.0,30.0,1.0,,,,,UNTRUSTED_INCOMPLETE_STRUCTURE,FOUR_LEG_STRUCTURE_MISSING_STRIKE2,True,True,
28,2026-04-02T04:05:24.951+00:00,2026-04-02,BEAR_CALL,BNF,1.0,263.2,320.1,-1707.0,30.0,1.0,-1707.000000000001,29.999999999999982,9.094947017729282e-13,True,RECONCILED,ACTUAL_PNL_RECONCILES_WITH_STORED_PREMIUMS,False,False,
29,2026-04-02T04:05:36.591+00:00,2026-04-02,IRON_BUTTERFLY,BNF,1.0,904.45,516.75,11631.0,30.0,1.0,,,,,UNTRUSTED_INCOMPLETE_STRUCTURE,FOUR_LEG_STRUCTURE_MISSING_STRIKE2,True,True,
30,2026-04-02T05:31:13.803+00:00,2026-04-02,BEAR_CALL,BNF,1.0,258.55,332.7,-2224.0,30.0,1.0,-2224.499999999999,29.99325691166555,0.4999999999990905,True,RECONCILED,ACTUAL_PNL_RECONCILES_WITH_STORED_PREMIUMS,False,False,
31,2026-04-02T05:31:59.59+00:00,2026-04-02,BEAR_CALL,NF,1.0,89.4,114.35,-1622.0,65.0,1.0,-1621.7499999999993,65.01002004008019,-0.2500000000006821,True,RECONCILED,ACTUAL_PNL_RECONCILES_WITH_STORED_PREMIUMS,False,False,
32,2026-04-02T05:32:19.781+00:00,2026-04-02,IRON_BUTTERFLY,NF,1.0,250.0,134.75,7491.0,65.0,1.0,,,,,UNTRUSTED_INCOMPLETE_STRUCTURE,FOUR_LEG_STRUCTURE_MISSING_STRIKE2,True,True,
33,2026-04-02T09:10:14.149+00:00,2026-04-02,IRON_CONDOR,NF,1.0,41.05,20.35,1345.0,65.0,1.0,,,,,UNTRUSTED_INCOMPLETE_STRUCTURE,FOUR_LEG_STRUCTURE_MISSING_STRIKE2,True,True,
34,2026-04-02T09:10:34.459+00:00,2026-04-02,IRON_BUTTERFLY,NF,1.0,247.55,130.6,7602.0,65.0,1.0,,,,,UNTRUSTED_INCOMPLETE_STRUCTURE,FOUR_LEG_STRUCTURE_MISSING_STRIKE2,True,True,
35,2026-04-02T09:10:51.963+00:00,2026-04-02,IRON_BUTTERFLY,BNF,1.0,898.35,530.0,11051.0,30.0,1.0,,,,,UNTRUSTED_INCOMPLETE_STRUCTURE,FOUR_LEG_STRUCTURE_MISSING_STRIKE2,True,True,
36,2026-04-02T09:10:58.716+00:00,2026-04-02,BEAR_CALL,BNF,1.0,85.35,89.0,-110.0,30.0,1.0,-109.50000000000017,30.136986301369816,-0.49999999999982947,True,RECONCILED,ACTUAL_PNL_RECONCILES_WITH_STORED_PREMIUMS,False,False,
37,2026-04-06T06:28:19.32+00:00,2026-04-06,IRON_CONDOR,NF,1.0,30.05,28.7,88.0,65.0,1.0,,,,,UNTRUSTED_INCOMPLETE_STRUCTURE,FOUR_LEG_STRUCTURE_MISSING_STRIKE2,True,True,
38,2026-04-06T06:28:35.737+00:00,2026-04-06,IRON_CONDOR,NF,1.0,30.05,,0.0,65.0,1.0,,,,,UNTRUSTED_INCOMPLETE_STRUCTURE,FOUR_LEG_STRUCTURE_MISSING_STRIKE2,True,False,
39,2026-04-06T06:30:36.533+00:00,2026-04-06,IRON_CONDOR,NF,1.0,34.55,33.45,71.0,65.0,1.0,,,,,UNTRUSTED_INCOMPLETE_STRUCTURE,FOUR_LEG_STRUCTURE_MISSING_STRIKE2,True,True,
40,2026-04-06T08:15:21.433+00:00,2026-04-06,IRON_CONDOR,BNF,1.0,698.55,449.85,7461.0,30.0,1.0,,,,,UNTRUSTED_INCOMPLETE_STRUCTURE,FOUR_LEG_STRUCTURE_MISSING_STRIKE2,True,True,
41,2026-04-06T08:15:35.781+00:00,2026-04-06,IRON_BUTTERFLY,BNF,1.0,890.55,552.0,10156.0,30.0,1.0,,,,,UNTRUSTED_INCOMPLETE_STRUCTURE,FOUR_LEG_STRUCTURE_MISSING_STRIKE2,True,True,
42,2026-04-07T06:00:00.442+00:00,2026-04-07,IRON_CONDOR,BNF,1.0,690.8,401.25,8686.0,30.0,1.0,,,,,UNTRUSTED_INCOMPLETE_STRUCTURE,FOUR_LEG_STRUCTURE_MISSING_STRIKE2,True,True,
43,2026-04-07T06:00:06.89+00:00,2026-04-07,IRON_CONDOR,NF,1.0,12.7,4.1,559.0,65.0,1.0,,,,,UNTRUSTED_INCOMPLETE_STRUCTURE,FOUR_LEG_STRUCTURE_MISSING_STRIKE2,True,True,
44,2026-04-07T06:00:30.111+00:00,2026-04-07,BEAR_CALL,BNF,1.0,470.7,521.8,-1533.0,30.0,1.0,-1532.999999999999,30.00000000000002,-9.094947017729282e-13,True,RECONCILED,ACTUAL_PNL_RECONCILES_WITH_STORED_PREMIUMS,False,False,
45,2026-04-07T06:01:11.685+00:00,2026-04-07,IRON_BUTTERFLY,NF,1.0,140.95,55.2,5574.0,65.0,1.0,,,,,UNTRUSTED_INCOMPLETE_STRUCTURE,FOUR_LEG_STRUCTURE_MISSING_STRIKE2,True,True,
46,2026-04-07T07:14:16.29+00:00,2026-04-07,BEAR_CALL,BNF,1.0,465.7,521.8,-1683.0,30.0,1.0,-1682.999999999999,30.000000000000018,-9.094947017729282e-13,True,RECONCILED,ACTUAL_PNL_RECONCILES_WITH_STORED_PREMIUMS,False,False,
47,2026-04-07T07:14:35.111+00:00,2026-04-07,IRON_CONDOR,NF,1.0,35.9,47.15,-731.0,65.0,1.0,,,,,UNTRUSTED_INCOMPLETE_STRUCTURE,FOUR_LEG_STRUCTURE_MISSING_STRIKE2,True,False,
48,2026-04-07T09:48:02.227+00:00,2026-04-07,IRON_CONDOR,BNF,1.0,479.75,542.2,-1874.0,30.0,1.0,,,,,UNTRUSTED_INCOMPLETE_STRUCTURE,FOUR_LEG_STRUCTURE_MISSING_STRIKE2,True,False,
49,2026-04-07T09:48:11.223+00:00,2026-04-07,BULL_CALL,BNF,1.0,114.1,136.5,672.0,30.0,-1.0,672.0000000000002,-29.999999999999993,-2.2737367544323206e-13,True,RECONCILED,ACTUAL_PNL_RECONCILES_WITH_STORED_PREMIUMS,False,True,
50,2026-04-07T09:48:50.123+00:00,2026-04-07,BULL_CALL,NF,1.0,20.8,339.0,20683.0,65.0,-1.0,20683.0,-65.0,0.0,True,RECONCILED,ACTUAL_PNL_RECONCILES_WITH_STORED_PREMIUMS,False,True,
51,2026-04-07T09:49:01.344+00:00,2026-04-07,BULL_CALL,NF,1.0,20.8,259.6,15522.0,65.0,-1.0,15522.0,-65.0,0.0,True,RECONCILED,ACTUAL_PNL_RECONCILES_WITH_STORED_PREMIUMS,False,True,
52,2026-04-08T05:39:24.204+00:00,2026-04-08,IRON_BUTTERFLY,NF,1.0,274.2,148.65,8161.0,65.0,1.0,,,,,UNTRUSTED_INCOMPLETE_STRUCTURE,FOUR_LEG_STRUCTURE_MISSING_STRIKE2,True,True,
53,2026-04-08T05:39:30.431+00:00,2026-04-08,IRON_CONDOR,NF,1.0,10.75,4.85,384.0,65.0,1.0,,,,,UNTRUSTED_INCOMPLETE_STRUCTURE,FOUR_LEG_STRUCTURE_MISSING_STRIKE2,True,True,
54,2026-04-08T05:39:37.515+00:00,2026-04-08,IRON_BUTTERFLY,BNF,1.0,848.75,535.05,9411.0,30.0,1.0,,,,,UNTRUSTED_INCOMPLETE_STRUCTURE,FOUR_LEG_STRUCTURE_MISSING_STRIKE2,True,True,
55,2026-04-08T05:39:43.87+00:00,2026-04-08,IRON_CONDOR,BNF,1.0,367.75,103.4,7931.0,30.0,1.0,,,,,UNTRUSTED_INCOMPLETE_STRUCTURE,FOUR_LEG_STRUCTURE_MISSING_STRIKE2,True,True,
56,2026-04-08T07:00:01.616+00:00,2026-04-08,IRON_BUTTERFLY,NF,1.0,274.25,151.9,7953.0,65.0,1.0,,,,,UNTRUSTED_INCOMPLETE_STRUCTURE,FOUR_LEG_STRUCTURE_MISSING_STRIKE2,True,True,
57,2026-04-08T07:00:09.788+00:00,2026-04-08,IRON_CONDOR,NF,1.0,15.35,7.1,536.0,65.0,1.0,,,,,UNTRUSTED_INCOMPLETE_STRUCTURE,FOUR_LEG_STRUCTURE_MISSING_STRIKE2,True,True,
58,2026-04-08T07:00:15.958+00:00,2026-04-08,IRON_BUTTERFLY,BNF,1.0,846.45,531.9,9436.0,30.0,1.0,,,,,UNTRUSTED_INCOMPLETE_STRUCTURE,FOUR_LEG_STRUCTURE_MISSING_STRIKE2,True,True,
59,2026-04-08T07:00:24.39+00:00,2026-04-08,IRON_CONDOR,BNF,1.0,421.25,259.85,4842.0,30.0,1.0,,,,,UNTRUSTED_INCOMPLETE_STRUCTURE,FOUR_LEG_STRUCTURE_MISSING_STRIKE2,True,True,
60,2026-04-08T09:50:55.312+00:00,2026-04-08,IRON_CONDOR,BNF,1.0,310.3,97.85,6374.0,30.0,1.0,,,,,UNTRUSTED_INCOMPLETE_STRUCTURE,FOUR_LEG_STRUCTURE_MISSING_STRIKE2,True,True,
61,2026-04-08T09:51:01.814+00:00,2026-04-08,IRON_CONDOR,BNF,1.0,369.85,116.05,7614.0,30.0,1.0,,,,,UNTRUSTED_INCOMPLETE_STRUCTURE,FOUR_LEG_STRUCTURE_MISSING_STRIKE2,True,True,
62,2026-04-08T09:51:15.219+00:00,2026-04-08,IRON_CONDOR,BNF,1.0,124.65,71.2,1604.0,30.0,1.0,,,,,UNTRUSTED_INCOMPLETE_STRUCTURE,FOUR_LEG_STRUCTURE_MISSING_STRIKE2,True,True,
63,2026-04-08T09:51:29.712+00:00,2026-04-08,IRON_CONDOR,NF,1.0,11.15,2.95,533.0,65.0,1.0,,,,,UNTRUSTED_INCOMPLETE_STRUCTURE,FOUR_LEG_STRUCTURE_MISSING_STRIKE2,True,True,
64,2026-04-08T09:51:45.451+00:00,2026-04-08,IRON_CONDOR,NF,1.0,15.25,3.9,738.0,65.0,1.0,,,,,UNTRUSTED_INCOMPLETE_STRUCTURE,FOUR_LEG_STRUCTURE_MISSING_STRIKE2,True,True,
65,2026-04-08T09:51:53.888+00:00,2026-04-08,IRON_CONDOR,BNF,1.0,310.3,97.85,6374.0,30.0,1.0,,,,,UNTRUSTED_INCOMPLETE_STRUCTURE,FOUR_LEG_STRUCTURE_MISSING_STRIKE2,True,True,
66,2026-04-09T05:12:15.778+00:00,2026-04-09,BEAR_CALL,BNF,1.0,448.15,373.65,2235.0,30.0,1.0,2235.0,30.0,0.0,True,RECONCILED,ACTUAL_PNL_RECONCILES_WITH_STORED_PREMIUMS,False,True,
67,2026-04-09T05:16:11.365+00:00,2026-04-09,IRON_BUTTERFLY,NF,1.0,278.0,152.65,8148.0,65.0,1.0,,,,,UNTRUSTED_INCOMPLETE_STRUCTURE,FOUR_LEG_STRUCTURE_MISSING_STRIKE2,True,True,
68,2026-04-09T05:16:23.871+00:00,2026-04-09,IRON_CONDOR,BNF,1.0,455.0,286.15,5066.0,30.0,1.0,,,,,UNTRUSTED_INCOMPLETE_STRUCTURE,FOUR_LEG_STRUCTURE_MISSING_STRIKE2,True,True,
69,2026-04-09T05:16:33.632+00:00,2026-04-09,IRON_BUTTERFLY,BNF,1.0,854.65,531.05,9708.0,30.0,1.0,,,,,UNTRUSTED_INCOMPLETE_STRUCTURE,FOUR_LEG_STRUCTURE_MISSING_STRIKE2,True,True,
70,2026-04-09T06:28:41.961+00:00,2026-04-09,IRON_CONDOR,NF,1.0,83.15,35.6,3091.0,65.0,1.0,,,,,UNTRUSTED_INCOMPLETE_STRUCTURE,FOUR_LEG_STRUCTURE_MISSING_STRIKE2,True,True,
71,2026-04-09T06:28:50.349+00:00,2026-04-09,IRON_CONDOR,BNF,1.0,454.6,237.9,6501.0,30.0,1.0,,,,,UNTRUSTED_INCOMPLETE_STRUCTURE,FOUR_LEG_STRUCTURE_MISSING_STRIKE2,True,True,
72,2026-04-09T09:47:08.662+00:00,2026-04-09,BEAR_CALL,NF,1.0,44.35,66.1,-1414.0,65.0,1.0,-1413.7499999999995,65.01149425287359,-0.25000000000045475,True,RECONCILED,ACTUAL_PNL_RECONCILES_WITH_STORED_PREMIUMS,False,False,
73,2026-04-09T09:47:15.73+00:00,2026-04-09,BEAR_CALL,NF,1.0,55.5,82.65,-1765.0,65.0,1.0,-1764.7500000000005,65.00920810313075,-0.24999999999954525,True,RECONCILED,ACTUAL_PNL_RECONCILES_WITH_STORED_PREMIUMS,False,False,
74,2026-04-09T09:47:22.876+00:00,2026-04-09,BEAR_CALL,BNF,1.0,200.35,251.15,-1524.0,30.0,1.0,-1524.0000000000005,29.999999999999993,4.547473508864641e-13,True,RECONCILED,ACTUAL_PNL_RECONCILES_WITH_STORED_PREMIUMS,False,False,
75,2026-04-09T09:47:29.685+00:00,2026-04-09,BEAR_CALL,BNF,1.0,248.05,307.6,-1787.0,30.0,1.0,-1786.5000000000005,30.00839630562552,-0.49999999999954525,True,RECONCILED,ACTUAL_PNL_RECONCILES_WITH_STORED_PREMIUMS,False,False,
76,2026-04-10T06:01:18.007+00:00,2026-04-10,BEAR_CALL,BNF,1.0,416.65,430.5,-416.0,30.0,1.0,-415.5000000000007,30.03610108303244,-0.4999999999993179,True,RECONCILED,ACTUAL_PNL_RECONCILES_WITH_STORED_PREMIUMS,False,False,
77,2026-04-10T08:53:57.531+00:00,2026-04-10,IRON_CONDOR,NF,1.0,15.35,6.8,556.0,65.0,1.0,,,,,UNTRUSTED_INCOMPLETE_STRUCTURE,FOUR_LEG_STRUCTURE_MISSING_STRIKE2,True,True,
78,2026-04-10T08:54:03.726+00:00,2026-04-10,IRON_BUTTERFLY,NF,1.0,228.9,129.5,6461.0,65.0,1.0,,,,,UNTRUSTED_INCOMPLETE_STRUCTURE,FOUR_LEG_STRUCTURE_MISSING_STRIKE2,True,True,
79,2026-04-10T08:54:20.681+00:00,2026-04-10,IRON_CONDOR,BNF,1.0,526.85,315.7,6335.0,30.0,1.0,,,,,UNTRUSTED_INCOMPLETE_STRUCTURE,FOUR_LEG_STRUCTURE_MISSING_STRIKE2,True,True,
80,2026-04-10T08:54:28.248+00:00,2026-04-10,IRON_BUTTERFLY,BNF,1.0,829.95,500.1,9895.0,30.0,1.0,,,,,UNTRUSTED_INCOMPLETE_STRUCTURE,FOUR_LEG_STRUCTURE_MISSING_STRIKE2,True,True,
81,2026-04-10T09:48:54.181+00:00,2026-04-10,BEAR_CALL,NF,1.0,32.35,0.25,2087.0,65.0,1.0,2086.5,65.01557632398753,0.5,True,RECONCILED,ACTUAL_PNL_RECONCILES_WITH_STORED_PREMIUMS,False,True,
82,2026-04-10T09:49:00.034+00:00,2026-04-10,BEAR_CALL,NF,1.0,38.0,0.35,2447.0,65.0,1.0,2447.25,64.9933598937583,-0.25,True,RECONCILED,ACTUAL_PNL_RECONCILES_WITH_STORED_PREMIUMS,False,True,
83,2026-04-10T09:49:05.295+00:00,2026-04-10,BEAR_CALL,BNF,1.0,189.65,107.0,2480.0,30.0,1.0,2479.5,30.00604960677556,0.5,True,RECONCILED,ACTUAL_PNL_RECONCILES_WITH_STORED_PREMIUMS,False,True,
84,2026-04-10T09:49:09.869+00:00,2026-04-10,BEAR_CALL,BNF,1.0,232.7,155.2,2325.0,30.0,1.0,2325.0,30.0,0.0,True,RECONCILED,ACTUAL_PNL_RECONCILES_WITH_STORED_PREMIUMS,False,True,
85,2026-04-13T04:06:04.33+00:00,2026-04-13,IRON_CONDOR,BNF,1.0,454.55,325.05,3885.0,30.0,1.0,,,,,UNTRUSTED_INCOMPLETE_STRUCTURE,FOUR_LEG_STRUCTURE_MISSING_STRIKE2,True,True,
86,2026-04-13T04:06:17.609+00:00,2026-04-13,IRON_BUTTERFLY,BNF,1.0,848.85,599.85,7470.0,30.0,1.0,,,,,UNTRUSTED_INCOMPLETE_STRUCTURE,FOUR_LEG_STRUCTURE_MISSING_STRIKE2,True,True,
87,2026-04-13T04:06:24.954+00:00,2026-04-13,BEAR_CALL,BNF,1.0,445.5,546.05,-3016.0,30.0,1.0,-3016.4999999999986,29.995027349577338,0.49999999999863576,True,RECONCILED,ACTUAL_PNL_RECONCILES_WITH_STORED_PREMIUMS,False,False,
88,2026-04-13T07:45:21.149+00:00,2026-04-13,IRON_CONDOR,BNF,1.0,576.9,351.55,6760.0,30.0,1.0,,,,,UNTRUSTED_INCOMPLETE_STRUCTURE,FOUR_LEG_STRUCTURE_MISSING_STRIKE2,True,True,
89,2026-04-13T07:45:29.666+00:00,2026-04-13,IRON_BUTTERFLY,BNF,1.0,853.85,513.4,10214.0,30.0,1.0,,,,,UNTRUSTED_INCOMPLETE_STRUCTURE,FOUR_LEG_STRUCTURE_MISSING_STRIKE2,True,True,
90,2026-04-13T07:45:36.054+00:00,2026-04-13,BEAR_CALL,BNF,1.0,433.9,481.3,-1422.0,30.0,1.0,-1422.000000000001,29.99999999999998,9.094947017729282e-13,True,RECONCILED,ACTUAL_PNL_RECONCILES_WITH_STORED_PREMIUMS,False,False,
91,2026-04-15T03:49:30.56+00:00,2026-04-15,BULL_PUT,BNF,1.0,247.0,341.95,-2848.0,30.0,1.0,-2848.4999999999995,29.994734070563457,0.49999999999954525,True,RECONCILED,ACTUAL_PNL_RECONCILES_WITH_STORED_PREMIUMS,False,False,
92,2026-04-15T07:06:31.534+00:00,2026-04-15,IRON_BUTTERFLY,NF,1.0,286.2,151.05,8785.0,65.0,1.0,,,,,UNTRUSTED_INCOMPLETE_STRUCTURE,FOUR_LEG_STRUCTURE_MISSING_STRIKE2,True,True,
93,2026-04-15T07:06:41.223+00:00,2026-04-15,IRON_CONDOR,NF,1.0,18.4,7.3,721.0,65.0,1.0,,,,,UNTRUSTED_INCOMPLETE_STRUCTURE,FOUR_LEG_STRUCTURE_MISSING_STRIKE2,True,True,
94,2026-04-15T07:06:47.213+00:00,2026-04-15,IRON_BUTTERFLY,BNF,1.0,818.2,473.45,10343.0,30.0,1.0,,,,,UNTRUSTED_INCOMPLETE_STRUCTURE,FOUR_LEG_STRUCTURE_MISSING_STRIKE2,True,True,
95,2026-04-15T07:06:54.005+00:00,2026-04-15,IRON_CONDOR,BNF,1.0,348.55,164.35,5526.0,30.0,1.0,,,,,UNTRUSTED_INCOMPLETE_STRUCTURE,FOUR_LEG_STRUCTURE_MISSING_STRIKE2,True,True,
96,2026-04-16T07:33:24.313+00:00,2026-04-16,IRON_BUTTERFLY,NF,1.0,272.5,132.1,9126.0,65.0,1.0,,,,,UNTRUSTED_INCOMPLETE_STRUCTURE,FOUR_LEG_STRUCTURE_MISSING_STRIKE2,True,True,
97,2026-04-16T07:53:40.732+00:00,2026-04-16,BULL_PUT,NF,1.0,84.7,60.1,1599.0,65.0,1.0,1599.0,65.0,0.0,True,RECONCILED,ACTUAL_PNL_RECONCILES_WITH_STORED_PREMIUMS,False,True,
98,2026-04-16T07:53:47.12+00:00,2026-04-16,BULL_PUT,BNF,1.0,266.05,218.3,1433.0,30.0,1.0,1432.5,30.01047120418848,0.5,True,RECONCILED,ACTUAL_PNL_RECONCILES_WITH_STORED_PREMIUMS,False,True,
99,2026-04-16T09:41:01.002+00:00,2026-04-16,IRON_BUTTERFLY,NF,1.0,271.6,151.8,7787.0,65.0,1.0,7787.000000000001,65.0,-9.094947017729282e-13,True,RECONCILED,ACTUAL_PNL_RECONCILES_WITH_STORED_PREMIUMS,False,True,
100,2026-04-16T09:41:07.111+00:00,2026-04-16,IRON_CONDOR,NF,1.0,16.35,8.95,481.0,65.0,1.0,481.0000000000001,64.99999999999999,-1.1368683772161603e-13,True,RECONCILED,ACTUAL_PNL_RECONCILES_WITH_STORED_PREMIUMS,False,True,
101,2026-04-17T05:47:10.713+00:00,2026-04-17,IRON_CONDOR,NF,1.0,91.45,44.1,3078.0,65.0,1.0,3077.75,65.0052798310454,0.25,True,RECONCILED,ACTUAL_PNL_RECONCILES_WITH_STORED_PREMIUMS,False,True,
102,2026-04-17T05:47:17.747+00:00,2026-04-17,IRON_BUTTERFLY,NF,1.0,252.65,127.2,8154.0,65.0,1.0,8154.25,64.99800717417297,-0.25,True,RECONCILED,ACTUAL_PNL_RECONCILES_WITH_STORED_PREMIUMS,False,True,
103,2026-04-17T05:47:23.693+00:00,2026-04-17,IRON_CONDOR,BNF,1.0,312.3,131.6,5421.0,30.0,1.0,5421.000000000001,29.999999999999996,-9.094947017729282e-13,True,RECONCILED,ACTUAL_PNL_RECONCILES_WITH_STORED_PREMIUMS,False,True,
104,2026-04-17T05:47:30.268+00:00,2026-04-17,IRON_BUTTERFLY,BNF,1.0,801.1,461.6,10185.0,30.0,1.0,10185.0,30.0,0.0,True,RECONCILED,ACTUAL_PNL_RECONCILES_WITH_STORED_PREMIUMS,False,True,
105,2026-04-17T08:46:40.757+00:00,2026-04-17,IRON_CONDOR,BNF,1.0,303.4,,0.0,30.0,1.0,,,,,UNKNOWN,MISSING_ENTRY_OR_EXIT_PREMIUM,False,False,
106,2026-04-20T05:37:08.447+00:00,2026-04-20,IRON_CONDOR,BNF,1.0,46.45,,0.0,30.0,1.0,,,,,UNKNOWN,MISSING_ENTRY_OR_EXIT_PREMIUM,False,False,
107,2026-04-20T05:37:19.436+00:00,2026-04-20,IRON_BUTTERFLY,BNF,1.0,783.55,,0.0,30.0,1.0,,,,,UNKNOWN,MISSING_ENTRY_OR_EXIT_PREMIUM,False,False,
108,2026-04-20T05:37:28.36+00:00,2026-04-20,IRON_CONDOR,NF,1.0,30.6,,0.0,65.0,1.0,,,,,UNKNOWN,MISSING_ENTRY_OR_EXIT_PREMIUM,False,False,
109,2026-04-20T05:37:34.17+00:00,2026-04-20,IRON_BUTTERFLY,NF,1.0,196.95,,0.0,65.0,1.0,,,,,UNKNOWN,MISSING_ENTRY_OR_EXIT_PREMIUM,False,False,
110,2026-05-19T04:05:35.039+00:00,2026-05-19,IRON_CONDOR,BNF,1.0,140.65,123.85,17.0,30.0,1.0,504.00000000000034,1.0119047619047612,-487.00000000000034,False,PNL_BASIS_DIVERGENT,ENTRY_BASIS_MISMATCH_EXECUTABLE_VS_STORED,False,True,
111,2026-05-19T04:09:19.572+00:00,2026-05-19,IRON_CONDOR,BNF,1.0,240.3,209.45,31.0,30.0,1.0,925.5000000000007,1.0048622366288484,-894.5000000000007,False,PNL_BASIS_DIVERGENT,ENTRY_BASIS_MISMATCH_EXECUTABLE_VS_STORED,False,True,
112,2026-05-19T06:23:36.224+00:00,2026-05-19,IRON_CONDOR,BNF,1.0,149.1,144.05,5.0,30.0,1.0,151.4999999999995,0.9900990099009934,-146.4999999999995,False,PNL_BASIS_DIVERGENT,ENTRY_BASIS_MISMATCH_EXECUTABLE_VS_STORED,False,True,
113,2026-05-19T09:26:34.048+00:00,2026-05-19,BEAR_CALL,BNF,1.0,258.65,172.8,2575.0,30.0,1.0,2575.499999999999,29.994175888177065,-0.4999999999990905,True,RECONCILED,ACTUAL_PNL_RECONCILES_WITH_STORED_PREMIUMS,False,True,
114,2026-05-19T09:44:07.917+00:00,2026-05-19,BEAR_CALL,BNF,1.0,297.05,197.25,2994.0,30.0,1.0,2994.0000000000005,29.999999999999996,-4.547473508864641e-13,True,RECONCILED,ACTUAL_PNL_RECONCILES_WITH_STORED_PREMIUMS,False,True,
115,2026-05-20T08:12:16.365+00:00,2026-05-20,IRON_CONDOR,NF,1.0,104.35,98.35,390.0,65.0,1.0,390.0,65.0,0.0,True,RECONCILED,ACTUAL_PNL_RECONCILES_WITH_STORED_PREMIUMS,False,True,
116,2026-05-20T08:12:34.921+00:00,2026-05-20,BULL_PUT,BNF,1.0,199.25,116.35,2487.0,30.0,1.0,2487.0,29.999999999999996,0.0,True,RECONCILED,ACTUAL_PNL_RECONCILES_WITH_STORED_PREMIUMS,False,True,
117,2026-05-21T04:52:33.836+00:00,2026-05-21,IRON_CONDOR,NF,1.0,58.05,59.4,-88.0,65.0,1.0,-87.75000000000009,65.18518518518512,-0.24999999999991473,True,RECONCILED,ACTUAL_PNL_RECONCILES_WITH_STORED_PREMIUMS,False,False,
118,2026-05-21T04:52:39.704+00:00,2026-05-21,IRON_CONDOR,NF,1.0,34.3,34.75,-29.0,65.0,1.0,-29.250000000000185,64.44444444444403,0.25000000000018474,True,RECONCILED,ACTUAL_PNL_RECONCILES_WITH_STORED_PREMIUMS,False,False,
119,2026-05-21T04:52:56.189+00:00,2026-05-21,IRON_CONDOR,NF,1.0,58.05,59.4,-88.0,65.0,1.0,-87.75000000000009,65.18518518518512,-0.24999999999991473,True,RECONCILED,ACTUAL_PNL_RECONCILES_WITH_STORED_PREMIUMS,False,False,
120,2026-05-21T04:53:07.241+00:00,2026-05-21,IRON_CONDOR,NF,1.0,67.0,68.4,-91.0,65.0,1.0,-91.00000000000037,64.99999999999973,3.694822225952521e-13,True,RECONCILED,ACTUAL_PNL_RECONCILES_WITH_STORED_PREMIUMS,False,False,
121,2026-05-27T08:27:14.139+00:00,2026-05-27,IRON_CONDOR,NF,1.0,34.35,29.25,332.0,65.0,1.0,331.5000000000001,65.09803921568626,0.4999999999998863,True,RECONCILED,ACTUAL_PNL_RECONCILES_WITH_STORED_PREMIUMS,False,True,
122,2026-05-27T08:27:52.155+00:00,2026-05-27,IRON_CONDOR,NF,1.0,79.5,67.25,796.0,65.0,1.0,796.25,64.9795918367347,-0.25,True,RECONCILED,ACTUAL_PNL_RECONCILES_WITH_STORED_PREMIUMS,False,True,
123,2026-05-27T08:28:14.355+00:00,2026-05-27,BEAR_CALL,NF,1.0,72.95,71.15,117.0,65.0,1.0,116.99999999999982,65.0000000000001,1.8474111129762605e-13,True,RECONCILED,ACTUAL_PNL_RECONCILES_WITH_STORED_PREMIUMS,False,True,
124,2026-05-29T06:49:24.545+00:00,2026-05-29,BULL_PUT,NF,1.0,50.6,62.6,-780.0,65.0,1.0,-780.0,65.0,0.0,True,RECONCILED,ACTUAL_PNL_RECONCILES_WITH_STORED_PREMIUMS,False,False,
125,2026-05-29T06:59:49.768+00:00,2026-05-29,IRON_CONDOR,NF,1.0,36.75,37.8,-68.0,65.0,1.0,-68.24999999999982,64.76190476190494,0.24999999999981526,True,RECONCILED,ACTUAL_PNL_RECONCILES_WITH_STORED_PREMIUMS,False,False,
126,2026-06-01T09:34:43.669+00:00,2026-06-01,BEAR_CALL,NF,1.0,33.55,36.65,-202.0,65.0,1.0,-201.50000000000009,65.16129032258061,-0.49999999999991473,True,RECONCILED,ACTUAL_PNL_RECONCILES_WITH_STORED_PREMIUMS,False,False,
127,2026-06-03T04:32:38.353+00:00,2026-06-03,IRON_CONDOR,NF,1.0,84.2,83.7,33.0,65.0,1.0,32.5,66.0,0.5,True,RECONCILED,ACTUAL_PNL_RECONCILES_WITH_STORED_PREMIUMS,False,True,
128,2026-06-03T04:32:45.88+00:00,2026-06-03,IRON_CONDOR,NF,1.0,57.75,57.45,20.0,65.0,1.0,19.499999999999815,66.6666666666673,0.5000000000001847,True,RECONCILED,ACTUAL_PNL_RECONCILES_WITH_STORED_PREMIUMS,False,True,
129,2026-06-03T05:40:34.922+00:00,2026-06-03,IRON_CONDOR,NF,1.0,57.65,67.4,-634.0,65.0,1.0,-633.7500000000005,65.02564102564098,-0.24999999999954525,True,RECONCILED,ACTUAL_PNL_RECONCILES_WITH_STORED_PREMIUMS,False,False,
130,2026-06-03T05:41:16.499+00:00,2026-06-03,IRON_CONDOR,NF,1.0,84.15,99.1,-972.0,65.0,1.0,-971.7499999999993,65.01672240802681,-0.2500000000006821,True,RECONCILED,ACTUAL_PNL_RECONCILES_WITH_STORED_PREMIUMS,False,False,
131,2026-06-03T05:41:32.284+00:00,2026-06-03,IRON_CONDOR,NF,1.0,109.4,126.5,-1111.0,65.0,1.0,-1111.4999999999995,64.97076023391816,0.49999999999954525,True,RECONCILED,ACTUAL_PNL_RECONCILES_WITH_STORED_PREMIUMS,False,False,
132,2026-06-04T05:07:08.088+00:00,2026-06-04,BEAR_PUT,BNF,1.0,300.7,293.75,-208.0,30.0,-1.0,-208.49999999999966,-29.928057553956883,0.49999999999965894,True,RECONCILED,ACTUAL_PNL_RECONCILES_WITH_STORED_PREMIUMS,False,False,
133,2026-06-04T05:07:18.796+00:00,2026-06-04,BEAR_PUT,NF,1.0,99.55,96.3,-211.0,65.0,-1.0,-211.25,-64.92307692307692,0.25,True,RECONCILED,ACTUAL_PNL_RECONCILES_WITH_STORED_PREMIUMS,False,False,
134,2026-06-10T04:41:13.182+00:00,2026-06-10,IRON_CONDOR,NF,1.0,89.95,81.7,536.0,65.0,1.0,536.25,64.96969696969697,-0.25,True,RECONCILED,ACTUAL_PNL_RECONCILES_WITH_STORED_PREMIUMS,False,True,
135,2026-06-17T05:12:07.895+00:00,2026-06-17,BEAR_PUT,NF,1.0,113.85,133.65,1287.0,65.0,-1.0,1287.0000000000007,-64.99999999999996,-6.821210263296962e-13,True,RECONCILED,ACTUAL_PNL_RECONCILES_WITH_STORED_PREMIUMS,False,True,
136,2026-06-17T05:16:08.784+00:00,2026-06-17,IRON_CONDOR,NF,1.0,87.65,60.45,396.0,65.0,1.0,1768.0000000000002,14.558823529411763,-1372.0000000000002,False,PNL_BASIS_DIVERGENT,ENTRY_BASIS_MISMATCH_EXECUTABLE_VS_STORED,False,True,
137,2026-06-19T07:46:17.106+00:00,2026-06-19,BEAR_CALL,BNF,1.0,146.25,161.2,-879.0,30.0,1.0,-448.49999999999966,58.79598662207362,-430.50000000000034,False,PNL_BASIS_DIVERGENT,ENTRY_BASIS_MISMATCH_EXECUTABLE_VS_STORED,False,False,
138,2026-06-19T07:46:22.754+00:00,2026-06-19,BEAR_CALL,BNF,1.0,175.5,,-431.0,30.0,1.0,,,,,UNKNOWN,MISSING_ENTRY_OR_EXIT_PREMIUM,False,False,
139,2026-06-22T03:50:12.623+00:00,2026-06-22,IRON_CONDOR,NF,1.0,32.5,29.55,-1165.0,65.0,1.0,191.74999999999994,-394.91525423728825,-1356.75,False,PNL_BASIS_DIVERGENT,ENTRY_BASIS_MISMATCH_EXECUTABLE_VS_STORED,False,False,
140,2026-06-22T03:50:23.075+00:00,2026-06-22,BEAR_CALL,BNF,1.0,134.8,,-423.0,30.0,1.0,,,,,UNKNOWN,MISSING_ENTRY_OR_EXIT_PREMIUM,False,False,
141,2026-06-22T06:05:28.909+00:00,2026-06-22,IRON_CONDOR,NF,1.0,16.35,16.0,-1328.0,65.0,1.0,22.750000000000092,-3794.2857142856988,-1350.75,False,PNL_BASIS_DIVERGENT,ENTRY_BASIS_MISMATCH_EXECUTABLE_VS_STORED,False,False,
142,2026-06-22T06:05:38.375+00:00,2026-06-22,IRON_CONDOR,NF,1.0,32.55,,-1354.0,65.0,1.0,,,,,UNKNOWN,MISSING_ENTRY_OR_EXIT_PREMIUM,False,False,
143,2026-06-23T07:00:35.262+00:00,2026-06-23,BEAR_CALL,BNF,1.0,118.4,107.0,-76.0,30.0,1.0,342.00000000000017,-6.666666666666663,-418.00000000000017,False,PNL_BASIS_DIVERGENT,ENTRY_BASIS_MISMATCH_EXECUTABLE_VS_STORED,False,False,
144,2026-06-23T08:15:28.414+00:00,2026-06-23,BEAR_CALL,BNF,1.0,114.55,114.8,-426.0,30.0,1.0,-7.5,1704.0,-418.5,False,PNL_BASIS_DIVERGENT,ENTRY_BASIS_MISMATCH_EXECUTABLE_VS_STORED,False,False,
145,2026-06-23T09:30:27.246+00:00,2026-06-23,BEAR_CALL,BNF,1.0,101.65,82.4,164.0,30.0,1.0,577.5,8.519480519480519,-413.5,False,PNL_BASIS_DIVERGENT,ENTRY_BASIS_MISMATCH_EXECUTABLE_VS_STORED,False,True,
146,2026-06-24T04:05:29.639+00:00,2026-06-24,BEAR_PUT,NF,1.0,91.7,110.85,819.0,65.0,-1.0,1244.7499999999995,-42.767624020887745,-425.74999999999955,False,PNL_BASIS_DIVERGENT,ENTRY_BASIS_MISMATCH_EXECUTABLE_VS_STORED,False,True,
147,2026-06-24T05:30:26.791+00:00,2026-06-24,BEAR_CALL,BNF,1.0,106.05,158.05,-1973.0,30.0,1.0,-1560.0000000000005,37.94230769230768,-412.99999999999955,False,PNL_BASIS_DIVERGENT,ENTRY_BASIS_MISMATCH_EXECUTABLE_VS_STORED,False,False,
148,2026-06-24T05:30:50.21+00:00,2026-06-24,BEAR_CALL,BNF,1.0,125.6,,-413.0,30.0,1.0,,,,,UNKNOWN,MISSING_ENTRY_OR_EXIT_PREMIUM,False,False,
149,2026-06-24T06:55:31.471+00:00,2026-06-24,BEAR_CALL,BNF,1.0,101.4,107.15,-585.0,30.0,1.0,-172.5,101.73913043478261,-412.5,False,PNL_BASIS_DIVERGENT,ENTRY_BASIS_MISMATCH_EXECUTABLE_VS_STORED,False,False,
150,2026-06-24T06:55:38.475+00:00,2026-06-24,BEAR_CALL,BNF,1.0,118.85,,-413.0,30.0,1.0,,,,,UNKNOWN,MISSING_ENTRY_OR_EXIT_PREMIUM,False,False,
151,2026-06-29T04:26:16.849+00:00,2026-06-29,IRON_CONDOR,BNF,1.0,126.55,125.5,-1250.0,30.0,1.0,31.499999999999915,-1190.4761904761938,-1281.5,False,PNL_BASIS_DIVERGENT,ENTRY_BASIS_MISMATCH_EXECUTABLE_VS_STORED,False,False,
152,2026-06-29T05:50:45.873+00:00,2026-06-29,IRON_CONDOR,BNF,1.0,116.15,120.4,-359.0,30.0,1.0,-127.5,84.47058823529412,-231.5,False,PNL_BASIS_DIVERGENT,ENTRY_BASIS_MISMATCH_EXECUTABLE_VS_STORED,False,False,
153,2026-06-29T05:50:51.724+00:00,2026-06-29,IRON_CONDOR,BNF,1.0,63.15,,-233.0,30.0,1.0,,,,,UNKNOWN,MISSING_ENTRY_OR_EXIT_PREMIUM,False,False,
154,2026-06-29T06:50:42.999+00:00,2026-06-29,IRON_CONDOR,BNF,1.0,68.95,69.05,-238.0,30.0,1.0,-2.9999999999998295,2380.0000000001355,-235.00000000000017,False,PNL_BASIS_DIVERGENT,ENTRY_BASIS_MISMATCH_EXECUTABLE_VS_STORED,False,False,
155,2026-06-29T06:50:53.939+00:00,2026-06-29,IRON_CONDOR,BNF,1.0,112.35,,-234.0,30.0,1.0,,,,,UNKNOWN,MISSING_ENTRY_OR_EXIT_PREMIUM,False,False,
156,2026-06-29T07:04:07.777+00:00,2026-06-29,BEAR_CALL,NF,1.0,30.3,27.4,56.0,65.0,1.0,188.50000000000014,19.310344827586192,-132.50000000000014,False,PNL_BASIS_DIVERGENT,ENTRY_BASIS_MISMATCH_EXECUTABLE_VS_STORED,False,True,
157,2026-06-29T08:58:36.491+00:00,2026-06-29,BULL_PUT,BNF,1.0,63.0,57.5,49.0,30.0,1.0,165.0,8.909090909090908,-116.0,False,PNL_BASIS_DIVERGENT,ENTRY_BASIS_MISMATCH_EXECUTABLE_VS_STORED,False,True,
158,2026-06-29T08:58:48.683+00:00,2026-06-29,BULL_PUT,BNF,1.0,50.3,,-116.0,30.0,1.0,,,,,UNKNOWN,MISSING_ENTRY_OR_EXIT_PREMIUM,False,False,
159,2026-07-02T04:25:27.656+00:00,2026-07-02,BEAR_CALL,BNF,1.0,177.65,164.5,215.0,30.0,1.0,394.50000000000017,16.349809885931553,-179.50000000000017,False,PNL_BASIS_DIVERGENT,ENTRY_BASIS_MISMATCH_EXECUTABLE_VS_STORED,False,True,
160,2026-07-02T04:25:34.511+00:00,2026-07-02,BEAR_PUT,NF,1.0,69.65,,-142.0,65.0,-1.0,,,,,UNKNOWN,MISSING_ENTRY_OR_EXIT_PREMIUM,False,False,
161,2026-07-02T04:25:48.823+00:00,2026-07-02,BEAR_PUT,BNF,1.0,222.3,244.1,486.0,30.0,-1.0,653.9999999999995,-22.293577981651392,-167.99999999999955,False,PNL_BASIS_DIVERGENT,ENTRY_BASIS_MISMATCH_EXECUTABLE_VS_STORED,False,True,
162,2026-07-03T04:38:14.877+00:00,2026-07-03,BEAR_CALL,BNF,1.0,181.25,180.3,-151.0,30.0,1.0,28.49999999999966,-158.94736842105453,-179.49999999999966,False,PNL_BASIS_DIVERGENT,ENTRY_BASIS_MISMATCH_EXECUTABLE_VS_STORED,False,False,
163,2026-07-06T07:11:19.573+00:00,2026-07-06,BEAR_CALL,BNF,1.0,163.5,160.0,-62.0,30.0,1.0,105.0,-17.714285714285715,-167.0,False,PNL_BASIS_DIVERGENT,ENTRY_BASIS_MISMATCH_EXECUTABLE_VS_STORED,False,False,
164,2026-07-06T07:30:52.265+00:00,2026-07-06,IRON_CONDOR,NF,1.0,13.8,,-259.0,65.0,1.0,,,,,UNKNOWN,MISSING_ENTRY_OR_EXIT_PREMIUM,False,False,
165,2026-07-07T06:06:06.984+00:00,2026-07-07,BEAR_CALL,BNF,1.0,157.5,148.3,115.0,30.0,1.0,275.99999999999966,12.500000000000016,-160.99999999999966,False,PNL_BASIS_DIVERGENT,ENTRY_BASIS_MISMATCH_EXECUTABLE_VS_STORED,False,True,
166,2026-07-08T04:33:09.191+00:00,2026-07-08,BEAR_PUT,BNF,1.0,364.8,,-155.0,30.0,-1.0,,,,,UNKNOWN,MISSING_ENTRY_OR_EXIT_PREMIUM,False,False,
167,2026-07-08T04:33:15.164+00:00,2026-07-08,BEAR_PUT,BNF,1.0,307.15,295.65,-504.0,30.0,-1.0,-345.0,-43.82608695652174,-159.0,False,PNL_BASIS_DIVERGENT,ENTRY_BASIS_MISMATCH_EXECUTABLE_VS_STORED,False,False,
168,2026-07-13T09:06:13.954+00:00,2026-07-13,BEAR_CALL,BNF,1.0,219.05,224.15,-317.0,30.0,1.0,-152.99999999999983,62.15686274509811,-164.00000000000017,False,PNL_BASIS_DIVERGENT,ENTRY_BASIS_MISMATCH_EXECUTABLE_VS_STORED,False,False,
169,2026-07-13T09:06:19.943+00:00,2026-07-13,BEAR_CALL,BNF,1.0,178.55,,-165.0,30.0,1.0,,,,,UNKNOWN,MISSING_ENTRY_OR_EXIT_PREMIUM,False,False,
170,2026-07-16T04:12:04.232+00:00,2026-07-16,BEAR_PUT,NF,1.0,68.75,84.55,883.0,65.0,-1.0,1026.9999999999998,-55.8860759493671,-143.99999999999977,False,PNL_BASIS_DIVERGENT,ENTRY_BASIS_MISMATCH_EXECUTABLE_VS_STORED,False,True,
171,2026-07-16T04:12:16.325+00:00,2026-07-16,BEAR_PUT,BNF,1.0,221.0,253.95,836.0,30.0,-1.0,988.4999999999997,-25.371775417298945,-152.49999999999966,False,PNL_BASIS_DIVERGENT,ENTRY_BASIS_MISMATCH_EXECUTABLE_VS_STORED,False,True,
172,2026-07-17T04:07:05.553+00:00,2026-07-17,BEAR_PUT,NF,1.0,73.6,65.25,-688.0,65.0,-1.0,-542.7499999999997,-82.39520958083838,-145.25000000000034,False,PNL_BASIS_DIVERGENT,ENTRY_BASIS_MISMATCH_EXECUTABLE_VS_STORED,False,False,
173,2026-07-17T04:07:11.47+00:00,2026-07-17,BEAR_PUT,NF,1.0,59.95,41.3,-1359.0,65.0,-1.0,-1212.2500000000005,-72.86863270777478,-146.74999999999955,False,PNL_BASIS_DIVERGENT,ENTRY_BASIS_MISMATCH_EXECUTABLE_VS_STORED,False,False,
174,2026-07-17T04:07:18.873+00:00,2026-07-17,BEAR_PUT,BNF,1.0,339.95,,-147.0,30.0,-1.0,,,,,UNKNOWN,MISSING_ENTRY_OR_EXIT_PREMIUM,False,False,
175,2026-07-17T04:07:31.071+00:00,2026-07-17,BEAR_PUT,BNF,1.0,287.45,,-151.0,30.0,-1.0,,,,,UNKNOWN,MISSING_ENTRY_OR_EXIT_PREMIUM,False,False,
