strategy,model,day,source_s1_id,snapshot_id,candidate_id,label,score
random_256,tabicl,2026-06-03,2169,329,BEAR_CALL_NF_23400_23550_W150,0,0.06362646818161011
random_256,tabicl,2026-06-03,2073,335,BEAR_CALL_NF_23400_23550_W150,0,0.07742588222026825
random_256,tabicl,2026-06-03,1183,380,BEAR_PUT_NF_23150_23300_W150,0,0.6384610533714294
random_256,tabicl,2026-06-03,964,391,BEAR_CALL_NF_23550_23700_W150,1,0.7072070240974426
random_256,tabicl,2026-06-03,949,392,BEAR_CALL_NF_23550_23700_W150,1,0.694987416267395
random_256,tabicl,2026-06-03,934,393,BEAR_CALL_NF_23600_23750_W150,1,0.6460689902305603
random_256,tabicl,2026-06-03,919,394,BEAR_CALL_NF_23550_23700_W150,1,0.6945871710777283
random_256,tabicl,2026-06-03,904,395,BEAR_CALL_NF_23550_23700_W150,1,0.6727797985076904
random_256,tabicl,2026-06-03,884,396,BEAR_CALL_NF_23600_23750_W150,1,0.6356377005577087
random_256,tabicl,2026-06-03,869,397,BEAR_CALL_NF_23600_23750_W150,1,0.651138186454773
random_256,tabicl,2026-06-03,854,398,BEAR_CALL_NF_23600_23750_W150,1,0.657782256603241
random_256,tabicl,2026-06-03,839,399,BEAR_CALL_NF_23600_23750_W150,1,0.6481328010559082
random_256,tabicl,2026-06-03,824,400,BEAR_CALL_NF_23550_23700_W150,1,0.7026879191398621
random_256,tabicl,2026-06-03,804,401,BEAR_CALL_NF_23550_23700_W150,1,0.7060248851776123
random_256,tabicl,2026-06-03,789,402,BEAR_CALL_NF_23550_23700_W150,1,0.7272201180458069
random_256,tabicl,2026-06-03,779,403,BEAR_CALL_NF_23550_23700_W150,1,0.725398600101471
random_256,tabicl,2026-06-03,764,404,BEAR_CALL_NF_23550_23700_W150,1,0.733889639377594
random_256,tabicl,2026-06-04,2973,413,BEAR_PUT_NF_23150_23400_W250,0,0.4702428877353668
random_256,tabicl,2026-06-04,2962,414,BEAR_PUT_BNF_53200_54200_W1000,0,0.44442301988601685
random_256,tabicl,2026-06-04,2954,415,BEAR_PUT_NF_23200_23400_W200,0,0.41986048221588135
random_256,tabicl,2026-06-04,2934,416,BEAR_PUT_NF_23150_23450_W300,0,0.4524570107460022
random_256,tabicl,2026-06-04,2925,417,BEAR_PUT_NF_23150_23450_W300,0,0.4403435289859772
random_256,tabicl,2026-06-04,2769,424,BEAR_PUT_NF_23100_23400_W300,0,0.4615035355091095
random_256,tabicl,2026-06-04,2757,425,BEAR_PUT_NF_23100_23400_W300,0,0.47467681765556335
random_256,tabicl,2026-06-04,2743,426,BEAR_PUT_BNF_53400_54200_W800,0,0.45190563797950745
random_256,tabicl,2026-06-04,2733,427,BEAR_PUT_NF_23150_23450_W300,0,0.4577350616455078
random_256,tabicl,2026-06-04,2725,428,BEAR_PUT_NF_23150_23450_W300,0,0.45049041509628296
random_256,tabicl,2026-06-04,2721,429,BEAR_PUT_BNF_53400_54400_W1000,0,0.4568544030189514
random_256,tabicl,2026-06-04,2712,430,BEAR_PUT_BNF_53300_54300_W1000,0,0.439693808555603
random_256,tabicl,2026-06-04,2444,457,BEAR_PUT_BNF_53100_54100_W1000,0,0.4402090907096863
random_256,tabicl,2026-06-04,2442,458,BEAR_PUT_BNF_53100_54100_W1000,0,0.4395965039730072
random_256,tabicl,2026-06-04,2441,459,BEAR_PUT_NF_23150_23350_W200,0,0.46001529693603516
random_256,tabicl,2026-06-04,2439,460,BEAR_PUT_BNF_53100_54100_W1000,0,0.44078001379966736
random_256,tabicl,2026-06-04,2387,471,BULL_PUT_BNF_54000_53600_W400,1,0.7317677140235901
random_256,tabicl,2026-06-04,2382,472,BULL_PUT_BNF_54000_53600_W400,0,0.7173498868942261
random_256,tabicl,2026-06-04,2377,473,BULL_PUT_BNF_54000_53600_W400,0,0.7158635854721069
random_256,tabicl,2026-06-04,2372,474,BULL_PUT_BNF_54000_53600_W400,0,0.7182984352111816
random_256,tabicl,2026-06-04,2367,476,BULL_PUT_BNF_54000_53600_W400,1,0.733780026435852
random_256,tabicl,2026-06-04,2362,478,BULL_PUT_BNF_54000_53600_W400,0,0.7266177535057068
random_256,tabicl,2026-06-04,2357,479,BULL_PUT_BNF_54000_53600_W400,0,0.7326392531394958
random_256,tabicl,2026-06-04,2352,480,BULL_PUT_BNF_54000_53600_W400,0,0.7331176996231079
random_256,tabicl,2026-06-04,2347,481,BULL_PUT_BNF_54000_53600_W400,0,0.7386912703514099
random_256,tabicl,2026-06-05,3428,497,BEAR_PUT_BNF_53900_54700_W800,1,0.05523267015814781
random_256,tabicl,2026-06-05,3422,498,BEAR_PUT_BNF_53800_54600_W800,1,0.047077473253011703
random_256,tabicl,2026-06-05,3416,499,BEAR_PUT_NF_23200_23450_W250,1,0.016421645879745483
random_256,tabicl,2026-06-05,3414,500,BEAR_PUT_NF_23200_23350_W150,0,0.008301248773932457
random_256,tabicl,2026-06-05,3413,501,BEAR_PUT_BNF_53300_54300_W1000,0,0.015590465627610683
random_256,tabicl,2026-06-05,3410,502,BEAR_PUT_BNF_53600_54400_W800,0,0.011987099424004555
random_256,tabicl,2026-06-05,3406,503,BEAR_PUT_NF_23150_23400_W250,0,0.006564585492014885
random_256,tabicl,2026-06-05,3404,504,BEAR_PUT_BNF_53700_54500_W800,0,0.02152763307094574
random_256,tabicl,2026-06-05,3397,505,BEAR_PUT_NF_23250_23500_W250,1,0.026779210194945335
random_256,tabicl,2026-06-05,3391,506,BEAR_PUT_BNF_54000_54800_W800,1,0.05473579838871956
random_256,tabicl,2026-06-05,3385,507,BEAR_PUT_NF_23250_23450_W200,1,0.023988502100110054
random_256,tabicl,2026-06-05,3381,508,BEAR_PUT_BNF_53800_54600_W800,1,0.025535035878419876
random_256,tabicl,2026-06-05,3373,509,BEAR_PUT_NF_23200_23450_W250,1,0.009070029482245445
random_256,tabicl,2026-06-05,3368,510,BEAR_PUT_BNF_53800_54600_W800,1,0.031185179948806763
random_256,tabicl,2026-06-05,3366,511,BEAR_PUT_NF_23250_23400_W150,1,0.01068627368658781
random_256,tabicl,2026-06-05,3362,512,BEAR_PUT_BNF_53800_54600_W800,1,0.043412767350673676
random_256,tabicl,2026-06-05,3279,523,BEAR_PUT_BNF_53500_54500_W1000,0,0.03682537004351616
random_256,tabicl,2026-06-05,3180,534,BEAR_PUT_BNF_53200_54200_W1000,0,0.022880231961607933
random_256,tabicl,2026-06-05,3179,535,BEAR_PUT_NF_23100_23300_W200,0,0.04154039919376373
random_256,tabicl,2026-06-05,3130,542,BULL_PUT_BNF_54000_53600_W400,1,0.5233718156814575
random_256,tabicl,2026-06-05,3126,543,BEAR_PUT_BNF_53400_54400_W1000,0,0.023673165589571
random_256,tabicl,2026-06-05,3122,544,BEAR_PUT_BNF_53500_54300_W800,0,0.010162321850657463
random_256,tabicl,2026-06-05,3120,545,BEAR_PUT_NF_23150_23350_W200,0,0.014127254486083984
random_256,tabicl,2026-06-05,3118,546,BEAR_PUT_BNF_53900_54500_W600,1,0.048505183309316635
random_256,tabicl,2026-06-05,3112,547,BEAR_PUT_NF_23150_23400_W250,0,0.025034785270690918
random_256,tabicl,2026-06-05,3111,548,BEAR_PUT_BNF_53700_54500_W800,0,0.021532073616981506
random_256,tabicl,2026-06-05,3108,549,BEAR_PUT_NF_23150_23350_W200,0,0.018919214606285095
random_256,tabicl,2026-06-05,3106,550,BEAR_PUT_BNF_53700_54500_W800,0,0.021772008389234543
random_256,tabicl,2026-06-05,3104,551,BEAR_PUT_BNF_53700_54500_W800,0,0.03710661828517914
random_256,tabicl,2026-06-05,3100,554,BEAR_PUT_BNF_53700_54500_W800,0,0.03808218985795975
random_256,tabicl,2026-06-08,4855,578,BEAR_PUT_NF_22950_23200_W250,1,0.24221858382225037
random_256,tabicl,2026-06-08,3854,612,BEAR_CALL_NF_23300_23450_W150,1,0.09650221467018127
random_256,tabicl,2026-06-08,3836,613,BEAR_CALL_NF_23300_23450_W150,1,0.0773836225271225
random_256,tabicl,2026-06-08,3819,614,BEAR_CALL_NF_23300_23450_W150,1,0.1047850251197815
random_256,tabicl,2026-06-08,3803,615,BEAR_CALL_NF_23300_23450_W150,1,0.11473086476325989
random_256,tabicl,2026-06-08,3785,616,BEAR_CALL_NF_23350_23500_W150,1,0.07404320687055588
random_256,tabicl,2026-06-08,3772,617,BEAR_CALL_NF_23300_23450_W150,1,0.10910020768642426
random_256,tabicl,2026-06-08,3760,618,BEAR_CALL_NF_23350_23500_W150,1,0.0925537645816803
random_256,tabicl,2026-06-08,3742,619,BEAR_CALL_NF_23350_23500_W150,1,0.0937267616391182
random_256,tabicl,2026-06-08,3729,620,BULL_PUT_NF_23000_22850_W150,0,0.9517815113067627
random_256,tabicl,2026-06-08,3716,621,BEAR_CALL_NF_23300_23450_W150,1,0.07410991936922073
random_256,tabicl,2026-06-08,3700,622,BEAR_CALL_NF_23250_23400_W150,0,0.1915474832057953
random_256,tabicl,2026-06-08,3689,623,BEAR_CALL_NF_23300_23450_W150,0,0.08627151697874069
random_256,tabicl,2026-06-08,3677,624,BEAR_CALL_NF_23300_23450_W150,0,0.08955109119415283
random_256,tabicl,2026-06-08,3661,625,BEAR_CALL_NF_23250_23400_W150,0,0.15085607767105103
random_256,tabicl,2026-06-08,3651,626,BEAR_PUT_NF_22950_23100_W150,0,0.3361637592315674
random_256,tabicl,2026-06-09,5511,654,BEAR_PUT_BNF_53500_54500_W1000,0,0.337584525346756
random_256,tabicl,2026-06-09,5509,655,BEAR_PUT_BNF_53600_54600_W1000,0,0.3465110659599304
random_256,tabicl,2026-06-09,5507,656,BEAR_PUT_BNF_53600_54600_W1000,0,0.34203198552131653
random_256,tabicl,2026-06-09,5502,659,BEAR_PUT_NF_23000_23200_W200,0,0.5178735256195068
random_256,tabicl,2026-06-09,5498,660,BEAR_PUT_NF_23050_23200_W150,0,0.537634551525116
random_256,tabicl,2026-06-09,5493,661,BULL_PUT_BNF_54500_54100_W400,1,0.5790106058120728
random_256,tabicl,2026-06-09,5489,662,BEAR_PUT_NF_23100_23200_W100,0,0.5327857732772827
random_256,tabicl,2026-06-09,5485,663,BEAR_PUT_NF_23050_23200_W150,0,0.5352720618247986
random_256,tabicl,2026-06-09,5475,664,BEAR_CALL_BNF_55300_55800_W500,0,0.556167483329773
random_256,tabicl,2026-06-09,5470,665,BULL_PUT_BNF_54500_54100_W400,1,0.5756283402442932
random_256,tabicl,2026-06-09,5465,666,BULL_PUT_BNF_54500_54100_W400,1,0.5690298676490784
random_256,tabicl,2026-06-09,5460,667,BULL_PUT_BNF_54500_54100_W400,1,0.5642398595809937
random_256,tabicl,2026-06-09,5454,668,BEAR_PUT_BNF_54000_55000_W1000,0,0.39172130823135376
random_256,tabicl,2026-06-09,5449,670,BULL_PUT_BNF_54500_54100_W400,1,0.5684071779251099
random_256,tabicl,2026-06-09,5444,673,BULL_PUT_BNF_54500_54100_W400,1,0.5632627606391907
random_256,tabicl,2026-06-09,5439,685,BULL_PUT_BNF_54600_54200_W400,1,0.5647474527359009
random_256,tabicl,2026-06-12,5524,876,BEAR_PUT_NF_23150_23350_W200,0,0.4286397397518158
random_256,tabicl,2026-06-12,5518,877,BEAR_PUT_NF_23150_23350_W200,0,0.4161757528781891
random_256,tabicl,2026-06-12,5513,928,BULL_PUT_NF_23450_23300_W150,1,0.5395371913909912
random_256,tabicl,2026-06-15,5607,1000,BEAR_CALL_NF_24000_24150_W150,1,0.5153824687004089
random_256,tabicl,2026-06-15,5602,1001,BEAR_CALL_NF_24050_24200_W150,1,0.5412830114364624
random_256,tabicl,2026-06-15,5597,1002,BEAR_CALL_NF_24050_24200_W150,1,0.5448886752128601
random_256,tabicl,2026-06-15,5592,1003,BEAR_CALL_NF_24050_24200_W150,1,0.5413841009140015
random_256,tabicl,2026-06-15,5587,1004,BEAR_CALL_NF_24050_24200_W150,1,0.5412726998329163
random_256,tabicl,2026-06-15,5582,1005,BEAR_CALL_NF_24050_24200_W150,1,0.5297207236289978
random_256,tabicl,2026-06-15,5577,1006,BULL_PUT_NF_23800_23650_W150,0,0.561510443687439
random_256,tabicl,2026-06-15,5572,1007,BULL_PUT_NF_23750_23600_W150,0,0.5398696064949036
random_256,tabicl,2026-06-15,5567,1008,BULL_PUT_NF_23750_23600_W150,0,0.5391097664833069
random_256,tabicl,2026-06-15,5562,1009,BULL_PUT_NF_23750_23600_W150,0,0.5520666837692261
random_256,tabicl,2026-06-15,5557,1010,BULL_PUT_NF_23750_23600_W150,0,0.5528127551078796
random_256,tabicl,2026-06-15,5552,1011,BEAR_CALL_NF_24000_24150_W150,1,0.5366105437278748
random_256,tabicl,2026-06-15,5547,1012,BEAR_CALL_NF_24000_24150_W150,1,0.542818546295166
random_256,tabicl,2026-06-15,5542,1013,BEAR_CALL_NF_24000_24150_W150,0,0.5431756377220154
random_256,tabicl,2026-06-15,5537,1014,BEAR_CALL_NF_24000_24150_W150,1,0.5381603837013245
random_256,tabicl,2026-06-15,5533,1015,BEAR_CALL_NF_24000_24150_W150,1,0.5421584248542786
random_256,tabicl,2026-06-15,5924,938,BEAR_CALL_NF_24100_24250_W150,1,0.5463077425956726
random_256,tabicl,2026-06-15,5918,939,BEAR_CALL_NF_24100_24250_W150,1,0.5455766916275024
random_256,tabicl,2026-06-15,5912,940,BEAR_CALL_NF_24100_24250_W150,1,0.546402096748352
random_256,tabicl,2026-06-15,5906,941,BEAR_CALL_NF_24100_24250_W150,1,0.5464575290679932
random_256,tabicl,2026-06-15,5899,942,BEAR_PUT_NF_23750_23950_W200,1,0.4796050786972046
random_256,tabicl,2026-06-15,5892,943,BEAR_CALL_NF_24100_24250_W150,1,0.5417031645774841
random_256,tabicl,2026-06-17,6044,1105,BEAR_PUT_BNF_56500_57500_W1000,0,0.5159240961074829
random_256,tabicl,2026-06-17,6034,1106,BEAR_PUT_NF_23800_24100_W300,0,0.591813325881958
random_256,tabicl,2026-06-17,6030,1107,BEAR_PUT_BNF_56500_57500_W1000,0,0.5205094218254089
random_256,tabicl,2026-06-17,6026,1108,BEAR_PUT_NF_23800_24100_W300,0,0.5905045866966248
random_256,tabicl,2026-06-17,6022,1109,BEAR_PUT_NF_23800_24100_W300,0,0.5905760526657104
random_256,tabicl,2026-06-22,6888,1393,BEAR_CALL_NF_24250_24400_W150,1,0.8445678353309631
random_256,tabicl,2026-06-22,6877,1394,BULL_PUT_NF_24000_23850_W150,0,0.6718028783798218
random_256,tabicl,2026-06-22,6865,1395,BULL_PUT_NF_24000_23850_W150,0,0.6693363189697266
random_256,tabicl,2026-06-22,6854,1396,BEAR_CALL_NF_24250_24400_W150,1,0.8432175517082214
random_256,tabicl,2026-06-22,6842,1397,BEAR_CALL_NF_24250_24400_W150,1,0.84598708152771
random_256,tabicl,2026-06-22,6830,1398,BULL_PUT_NF_24000_23850_W150,0,0.6599557995796204
random_256,tabicl,2026-06-22,6819,1399,BEAR_CALL_NF_24250_24400_W150,1,0.8444570899009705
random_256,tabicl,2026-06-22,6817,1400,BEAR_CALL_NF_24250_24400_W150,1,0.8451334834098816
random_256,tabicl,2026-06-22,6815,1401,BEAR_CALL_NF_24250_24400_W150,1,0.8417161703109741
random_256,tabicl,2026-06-22,6813,1402,BEAR_CALL_NF_24250_24400_W150,1,0.843061089515686
random_256,tabicl,2026-06-22,6811,1403,BEAR_CALL_NF_24250_24400_W150,1,0.8375527858734131
random_256,tabicl,2026-06-22,6809,1404,BULL_PUT_NF_24000_23850_W150,1,0.6760029792785645
random_256,tabicl,2026-06-22,6808,1405,BULL_PUT_NF_24000_23850_W150,1,0.6735159754753113
random_256,tabicl,2026-06-22,6805,1406,BEAR_CALL_NF_24200_24350_W150,0,0.878373384475708
random_256,tabicl,2026-06-23,8657,1411,BEAR_CALL_BNF_58400_58800_W400,1,0.719778299331665
random_256,tabicl,2026-06-23,8653,1441,BEAR_PUT_NF_23900_24100_W200,1,0.43964865803718567
random_256,tabicl,2026-06-23,8650,1442,BEAR_PUT_BNF_57200_57600_W400,1,0.17032936215400696
random_256,tabicl,2026-06-23,8648,1443,BEAR_PUT_BNF_57300_57600_W300,1,0.17860445380210876
random_256,tabicl,2026-06-23,8642,1444,BEAR_PUT_NF_23900_24000_W100,1,0.5204801559448242
random_256,tabicl,2026-06-23,8636,1445,BEAR_PUT_BNF_57100_57500_W400,1,0.18579985201358795
random_256,tabicl,2026-06-23,8629,1446,BEAR_PUT_BNF_57100_57500_W400,1,0.1873515546321869
random_256,tabicl,2026-06-23,8623,1447,BEAR_PUT_BNF_57100_57500_W400,1,0.19638799130916595
random_256,tabicl,2026-06-23,8618,1448,BEAR_CALL_BNF_58000_58400_W400,1,0.5623975992202759
random_256,tabicl,2026-06-23,8609,1449,BEAR_CALL_BNF_57900_58300_W400,1,0.5844066739082336
random_256,tabicl,2026-06-23,8595,1450,BEAR_CALL_BNF_57900_58300_W400,1,0.5627184510231018
random_256,tabicl,2026-06-23,8581,1451,BEAR_CALL_BNF_57900_58300_W400,1,0.5655834674835205
random_256,tabicl,2026-06-23,8567,1452,BEAR_CALL_BNF_57900_58300_W400,1,0.5658641457557678
random_256,tabicl,2026-06-23,8553,1453,BEAR_CALL_BNF_57900_58300_W400,1,0.5736902952194214
random_256,tabicl,2026-06-23,8544,1454,BEAR_CALL_BNF_58000_58400_W400,1,0.5741191506385803
random_256,tabicl,2026-06-23,8535,1455,BEAR_CALL_BNF_58000_58400_W400,1,0.5779797434806824
random_256,tabicl,2026-06-23,8526,1456,BEAR_CALL_BNF_57900_58300_W400,1,0.5720582008361816
random_256,tabicl,2026-06-23,8517,1457,BEAR_CALL_BNF_57900_58300_W400,1,0.5782954096794128
random_256,tabicl,2026-06-23,8508,1458,BEAR_CALL_BNF_57900_58300_W400,1,0.5757504105567932
random_256,tabicl,2026-06-23,8499,1459,BEAR_CALL_BNF_57900_58300_W400,1,0.5764495730400085
random_256,tabicl,2026-06-23,8490,1460,BEAR_CALL_BNF_58000_58400_W400,1,0.5827401280403137
random_256,tabicl,2026-06-23,8476,1461,BEAR_CALL_BNF_57900_58300_W400,1,0.5775437355041504
random_256,tabicl,2026-06-23,8462,1462,BEAR_CALL_BNF_57900_58300_W400,1,0.5752490162849426
random_256,tabicl,2026-06-23,8453,1463,BEAR_CALL_BNF_58000_58400_W400,1,0.5885903239250183
random_256,tabicl,2026-06-23,8439,1464,BEAR_CALL_BNF_57900_58300_W400,1,0.5774018168449402
random_256,tabicl,2026-06-23,8425,1465,BEAR_CALL_BNF_57900_58300_W400,1,0.578291654586792
random_256,tabicl,2026-06-23,8411,1466,BEAR_CALL_BNF_57900_58300_W400,1,0.5794073939323425
random_256,tabicl,2026-06-23,8402,1467,BEAR_CALL_BNF_57900_58300_W400,1,0.5848772525787354
random_256,tabicl,2026-06-23,8393,1468,BEAR_CALL_BNF_57800_58200_W400,1,0.5791131258010864
random_256,tabicl,2026-06-23,8384,1469,BEAR_CALL_BNF_57800_58200_W400,1,0.5812113881111145
random_256,tabicl,2026-06-23,8374,1470,BEAR_CALL_BNF_57800_58200_W400,1,0.5807375907897949
random_256,tabicl,2026-06-23,8364,1471,BEAR_CALL_BNF_57800_58200_W400,1,0.5792607069015503
random_256,tabicl,2026-06-23,8355,1472,BEAR_CALL_BNF_57800_58200_W400,1,0.5752280354499817
random_256,tabicl,2026-06-23,8346,1473,BEAR_CALL_BNF_57800_58200_W400,1,0.5686275362968445
random_256,tabicl,2026-06-23,8337,1474,BEAR_CALL_BNF_57800_58200_W400,1,0.5764525532722473
random_256,tabicl,2026-06-23,8327,1475,BEAR_CALL_BNF_57800_58200_W400,1,0.5819206237792969
random_256,tabicl,2026-06-23,8318,1476,BEAR_CALL_BNF_57800_58200_W400,1,0.5695856809616089
random_256,tabicl,2026-06-23,8309,1477,BEAR_CALL_BNF_57800_58200_W400,1,0.5791549682617188
random_256,tabicl,2026-06-23,8300,1478,BEAR_CALL_BNF_57900_58300_W400,1,0.5837489366531372
random_256,tabicl,2026-06-23,8291,1479,BEAR_CALL_BNF_57800_58200_W400,1,0.5747430324554443
random_256,tabicl,2026-06-23,8282,1480,BEAR_CALL_BNF_57900_58300_W400,1,0.5838752388954163
random_256,tabicl,2026-06-23,8273,1482,BEAR_CALL_BNF_57800_58200_W400,1,0.5691348314285278
random_256,tabicl,2026-06-23,8264,1483,BEAR_CALL_BNF_57800_58200_W400,1,0.5705713629722595
random_256,tabicl,2026-06-23,8255,1484,BEAR_CALL_BNF_57900_58300_W400,1,0.5624572038650513
random_256,tabicl,2026-06-23,8246,1485,BEAR_CALL_BNF_57900_58300_W400,1,0.566136360168457
random_256,tabicl,2026-06-23,8237,1486,BEAR_CALL_BNF_57900_58300_W400,1,0.5640323162078857
random_256,tabicl,2026-06-23,8228,1487,BEAR_CALL_BNF_57900_58300_W400,1,0.5699650645256042
random_256,tabicl,2026-06-23,8212,1488,BEAR_PUT_NF_23650_23850_W200,0,0.45830869674682617
random_256,tabicl,2026-06-23,8198,1489,BEAR_PUT_NF_23650_23850_W200,1,0.45843276381492615
random_256,tabicl,2026-06-23,8181,1490,BEAR_PUT_NF_23600_23850_W250,0,0.4553844928741455
random_256,tabicl,2026-06-23,8167,1491,BEAR_CALL_BNF_57500_57900_W400,0,0.5196710824966431
random_256,tabicl,2026-06-23,8153,1492,BEAR_CALL_BNF_57500_57900_W400,0,0.5318946838378906
random_256,tabicl,2026-06-24,9066,1496,BEAR_PUT_NF_23700_23850_W150,0,0.3656670153141022
random_256,tabicl,2026-06-24,9055,1497,BEAR_PUT_NF_23700_23850_W150,0,0.3635910749435425
random_256,tabicl,2026-06-24,9044,1498,BEAR_PUT_NF_23650_23900_W250,0,0.4412887990474701
random_256,tabicl,2026-06-24,9034,1499,BEAR_PUT_NF_23700_23850_W150,0,0.37119361758232117
random_256,tabicl,2026-06-24,9022,1500,BEAR_PUT_NF_23600_23900_W300,0,0.4590095579624176
random_256,tabicl,2026-06-24,9013,1501,BEAR_CALL_BNF_58000_58400_W400,0,0.8023704886436462
random_256,tabicl,2026-06-24,9006,1502,BEAR_PUT_BNF_56800_57400_W600,0,0.612858772277832
random_256,tabicl,2026-06-24,8993,1503,BEAR_PUT_NF_23550_23850_W300,0,0.4582251012325287
random_256,tabicl,2026-06-24,8983,1504,BEAR_PUT_NF_23600_23850_W250,0,0.4551217555999756
random_256,tabicl,2026-06-24,8973,1505,BEAR_PUT_NF_23650_23900_W250,0,0.44384077191352844
random_256,tabicl,2026-06-24,8965,1506,BEAR_PUT_NF_23700_23900_W200,0,0.3677484393119812
random_256,tabicl,2026-06-24,8953,1507,BEAR_PUT_NF_23700_23900_W200,0,0.36262351274490356
random_256,tabicl,2026-06-24,8944,1508,BEAR_PUT_NF_23700_23900_W200,0,0.36463239789009094
random_256,tabicl,2026-06-24,8936,1509,BEAR_PUT_NF_23750_23950_W200,0,0.3005121946334839
random_256,tabicl,2026-06-24,8927,1510,BEAR_CALL_BNF_58200_58600_W400,0,0.6933979988098145
random_256,tabicl,2026-06-24,8918,1511,BEAR_CALL_BNF_58200_58600_W400,0,0.6933144330978394
random_256,tabicl,2026-06-24,8909,1512,BEAR_CALL_BNF_58200_58600_W400,0,0.6921347975730896
random_256,tabicl,2026-06-24,8900,1513,BEAR_CALL_BNF_58200_58600_W400,0,0.6921920776367188
random_256,tabicl,2026-06-24,8891,1514,BEAR_CALL_BNF_58200_58600_W400,0,0.6939128637313843
random_256,tabicl,2026-06-24,8882,1515,BEAR_CALL_BNF_58200_58600_W400,0,0.693825364112854
random_256,tabicl,2026-06-24,8873,1516,BEAR_CALL_BNF_58200_58600_W400,0,0.693641185760498
random_256,tabicl,2026-06-24,8865,1517,BEAR_CALL_BNF_58300_58700_W400,0,0.6740307807922363
random_256,tabicl,2026-06-24,8853,1518,BEAR_PUT_NF_23750_24000_W250,0,0.3239416778087616
random_256,tabicl,2026-06-24,8843,1519,BEAR_PUT_NF_23750_24000_W250,0,0.3213980197906494
random_256,tabicl,2026-06-24,8833,1520,BEAR_PUT_NF_23800_23950_W150,0,0.2861306667327881
random_256,tabicl,2026-06-24,8820,1521,BEAR_PUT_NF_23700_24000_W300,0,0.38959529995918274
random_256,tabicl,2026-06-24,8811,1522,BEAR_CALL_BNF_58400_58800_W400,0,0.6760903000831604
random_256,tabicl,2026-06-24,8802,1523,BEAR_CALL_BNF_58400_58800_W400,0,0.6765257716178894
random_256,tabicl,2026-06-24,8794,1524,BEAR_CALL_BNF_58500_58900_W400,0,0.6608992218971252
random_256,tabicl,2026-06-24,8785,1525,BEAR_CALL_BNF_58500_58900_W400,0,0.6538956761360168
random_256,tabicl,2026-06-24,8777,1526,BEAR_CALL_BNF_58600_59000_W400,1,0.6368362903594971
random_256,tabicl,2026-06-24,8769,1527,BEAR_CALL_BNF_58600_59000_W400,1,0.6337593793869019
random_256,tabicl,2026-06-24,8761,1528,BEAR_CALL_BNF_58600_59000_W400,1,0.6364160180091858
random_256,tabicl,2026-06-24,8753,1529,BEAR_CALL_BNF_58600_59000_W400,1,0.6344040036201477
random_256,tabicl,2026-06-24,8744,1530,BEAR_CALL_BNF_58600_59000_W400,0,0.6377896666526794
random_256,tabicl,2026-06-24,8735,1531,BEAR_CALL_BNF_58500_58900_W400,0,0.6512401103973389
random_256,tabicl,2026-06-24,8727,1532,BEAR_CALL_BNF_58600_59000_W400,1,0.6356655955314636
random_256,tabicl,2026-06-24,8718,1533,BEAR_CALL_BNF_58600_59000_W400,1,0.6306642889976501
random_256,tabicl,2026-06-24,8710,1534,BEAR_CALL_BNF_58600_59000_W400,0,0.6369569301605225
random_256,tabicl,2026-06-24,8701,1538,BEAR_CALL_BNF_58500_58900_W400,0,0.6525387763977051
random_256,tabicl,2026-06-24,8692,1539,BEAR_CALL_BNF_58500_58900_W400,0,0.6510613560676575
random_256,tabicl,2026-06-24,8683,1541,BEAR_CALL_BNF_58500_58900_W400,0,0.6514852643013
random_256,tabicl,2026-06-24,8674,1542,BEAR_CALL_BNF_58500_58900_W400,0,0.653336226940155
random_256,tabicl,2026-06-24,8666,1551,BEAR_CALL_BNF_58700_59100_W400,1,0.6272605061531067
random_256,tabicl,2026-06-29,9689,1668,BULL_PUT_NF_24000_23850_W150,0,0.7667200565338135
random_256,tabicl,2026-06-29,9674,1669,BULL_PUT_NF_24000_23850_W150,0,0.7712789177894592
random_256,tabicl,2026-06-29,9649,1671,BULL_PUT_NF_24000_23850_W150,0,0.7665625214576721
random_256,tabicl,2026-06-29,9433,1692,BEAR_CALL_NF_24100_24250_W150,1,0.8125894069671631
random_256,tabicl,2026-06-29,9419,1693,BEAR_CALL_NF_24100_24250_W150,1,0.8084350824356079
random_256,tabicl,2026-06-29,9405,1694,BEAR_CALL_NF_24100_24250_W150,1,0.8094568252563477
random_256,tabicl,2026-06-29,9391,1695,BEAR_CALL_NF_24100_24250_W150,1,0.8074455261230469
random_256,tabicl,2026-06-29,9376,1696,BEAR_CALL_NF_24100_24250_W150,1,0.7952664494514465
random_256,tabicl,2026-06-29,9363,1697,BEAR_CALL_NF_24100_24250_W150,1,0.7879182696342468
random_256,tabicl,2026-06-29,9344,1698,BEAR_CALL_NF_24100_24250_W150,1,0.7926034927368164
random_256,tabicl,2026-06-29,9325,1699,BEAR_CALL_NF_24100_24250_W150,1,0.7994948029518127
random_256,tabicl,2026-06-29,9144,1716,BULL_PUT_BNF_57400_57000_W400,0,0.6801661849021912
random_256,tabicl,2026-06-29,9139,1717,BULL_PUT_BNF_57400_57000_W400,0,0.6846358180046082
random_256,tabicl,2026-06-29,9134,1718,BULL_PUT_BNF_57400_57000_W400,0,0.6713041663169861
random_256,tabicl,2026-06-29,9129,1719,BEAR_CALL_BNF_58400_58800_W400,1,0.6482111215591431
random_256,tabicl,2026-06-29,9124,1720,BULL_PUT_BNF_57400_57000_W400,0,0.6739344000816345
random_256,tabicl,2026-06-29,9120,1721,BULL_PUT_BNF_57400_57000_W400,0,0.675350546836853
random_256,tabicl,2026-06-29,9116,1722,BULL_PUT_BNF_57400_57000_W400,0,0.6889828443527222
random_256,tabicl,2026-06-29,9112,1723,BEAR_CALL_BNF_58400_58800_W400,1,0.6512669324874878
random_256,tabicl,2026-06-29,9108,1724,BULL_PUT_BNF_57400_57000_W400,0,0.6917251944541931
random_256,tabicl,2026-06-29,9103,1725,BULL_PUT_BNF_57400_57000_W400,0,0.6941812038421631
random_256,tabicl,2026-06-29,9097,1726,BEAR_CALL_BNF_58300_58700_W400,1,0.6580354571342468
random_256,tabicl,2026-06-29,9092,1727,BULL_PUT_BNF_57300_56900_W400,1,0.6786099076271057
random_256,tabicl,2026-06-29,9084,1728,BULL_PUT_BNF_57200_56800_W400,1,0.7011778354644775
random_256,tabicl,2026-06-29,9077,1729,BEAR_CALL_BNF_58200_58600_W400,1,0.6701387763023376
random_256,tabicl,2026-07-01,10430,1817,BEAR_CALL_BNF_58100_58500_W400,0,0.3232661783695221
random_256,tabicl,2026-07-01,10420,1818,BEAR_CALL_BNF_58000_58600_W600,0,0.33951959013938904
random_256,tabicl,2026-07-01,10410,1819,BEAR_CALL_BNF_58000_58500_W500,0,0.33364272117614746
random_256,tabicl,2026-07-01,10400,1820,BEAR_CALL_BNF_58100_58500_W400,0,0.2621009945869446
random_256,tabicl,2026-07-01,10390,1821,BEAR_CALL_BNF_58200_58700_W500,0,0.33816611766815186
random_256,tabicl,2026-07-01,10380,1822,BEAR_CALL_BNF_58200_58600_W400,0,0.2574138045310974
random_256,tabicl,2026-07-01,10370,1823,BEAR_CALL_BNF_58100_58600_W500,0,0.31807565689086914
random_256,tabicl,2026-07-01,10360,1824,BEAR_CALL_BNF_58200_58600_W400,0,0.25123539566993713
random_256,tabicl,2026-07-01,10350,1825,BEAR_CALL_BNF_58100_58500_W400,0,0.2521297037601471
random_256,tabicl,2026-07-01,10340,1826,BEAR_CALL_BNF_58200_58700_W500,0,0.32335320115089417
random_256,tabicl,2026-07-01,10330,1827,BEAR_CALL_BNF_58200_58800_W600,0,0.3164088726043701
random_256,tabicl,2026-07-01,10320,1828,BEAR_CALL_BNF_58300_58900_W600,0,0.3461861312389374
random_256,tabicl,2026-07-01,10310,1829,BEAR_CALL_BNF_58300_58900_W600,0,0.3492433428764343
random_256,tabicl,2026-07-01,10300,1830,BEAR_CALL_BNF_58300_58900_W600,0,0.343849778175354
random_256,tabicl,2026-07-01,10290,1831,BEAR_CALL_BNF_58300_58900_W600,0,0.3351064622402191
random_256,tabicl,2026-07-01,10280,1832,BEAR_CALL_BNF_58200_58600_W400,0,0.26891404390335083
random_256,tabicl,2026-07-01,10270,1833,BEAR_CALL_BNF_58200_58600_W400,0,0.24842609465122223
random_256,tabicl,2026-07-01,10260,1834,BEAR_CALL_BNF_58200_58600_W400,0,0.28078600764274597
random_256,tabicl,2026-07-01,10250,1835,BEAR_CALL_BNF_58200_58600_W400,0,0.27996495366096497
random_256,tabicl,2026-07-01,10240,1836,BEAR_CALL_BNF_58200_58800_W600,0,0.315199077129364
random_256,tabicl,2026-07-01,10230,1837,BEAR_CALL_BNF_58300_58900_W600,0,0.33484938740730286
random_256,tabicl,2026-07-01,10220,1838,BEAR_CALL_BNF_58300_58900_W600,0,0.33718881011009216
random_256,tabicl,2026-07-01,10210,1839,BEAR_CALL_BNF_58400_59000_W600,0,0.3553881049156189
random_256,tabicl,2026-07-01,10200,1840,BEAR_CALL_BNF_58400_59000_W600,0,0.35834407806396484
random_256,tabicl,2026-07-01,10190,1841,BEAR_CALL_BNF_58400_58800_W400,0,0.29039469361305237
random_256,tabicl,2026-07-01,10180,1842,BEAR_CALL_BNF_58400_58800_W400,0,0.3113851249217987
random_256,tabicl,2026-07-01,10170,1843,BEAR_CALL_BNF_58300_58900_W600,0,0.3349662125110626
random_256,tabicl,2026-07-01,10160,1847,BEAR_CALL_BNF_58300_58800_W500,0,0.3699921667575836
random_256,tabicl,2026-07-01,10150,1848,BEAR_CALL_BNF_58400_58900_W500,0,0.366502046585083
random_256,tabicl,2026-07-01,10140,1849,BEAR_CALL_BNF_58400_59000_W600,0,0.35369279980659485
random_256,tabicl,2026-07-01,10130,1850,BEAR_CALL_BNF_58400_59000_W600,0,0.3565092384815216
random_256,tabicl,2026-07-01,10120,1851,BEAR_CALL_BNF_58500_59000_W500,0,0.4017393887042999
random_256,tabicl,2026-07-01,10110,1852,BEAR_CALL_BNF_58500_59000_W500,0,0.396811842918396
random_256,tabicl,2026-07-01,10100,1853,BEAR_CALL_BNF_58500_59000_W500,0,0.39772069454193115
random_256,tabicl,2026-07-01,10090,1854,BEAR_CALL_BNF_58500_59000_W500,0,0.3984992504119873
random_256,tabicl,2026-07-01,10080,1855,BEAR_CALL_BNF_58500_59000_W500,0,0.4018585681915283
random_256,tabicl,2026-07-01,10070,1856,BEAR_CALL_BNF_58500_59000_W500,1,0.4030587375164032
random_256,tabicl,2026-07-01,10060,1857,BEAR_CALL_BNF_58500_59100_W600,1,0.3783550262451172
random_256,tabicl,2026-07-01,10050,1860,BEAR_CALL_BNF_58500_59000_W500,1,0.4024460017681122
random_256,tabicl,2026-07-01,10040,1861,BEAR_CALL_BNF_58500_59000_W500,1,0.4023854732513428
random_256,tabicl,2026-07-01,10030,1862,BEAR_CALL_BNF_58500_59000_W500,0,0.39573925733566284
random_256,tabicl,2026-07-01,10020,1863,BEAR_CALL_BNF_58500_59000_W500,0,0.39475566148757935
random_256,tabicl,2026-07-01,10010,1864,BEAR_CALL_BNF_58500_59000_W500,0,0.39781296253204346
random_256,tabicl,2026-07-01,10000,1865,BEAR_CALL_BNF_58500_59000_W500,0,0.39461666345596313
random_256,tabicl,2026-07-01,9990,1866,BEAR_CALL_BNF_58500_59000_W500,0,0.3973216712474823
random_256,tabicl,2026-07-01,9980,1867,BEAR_CALL_BNF_58400_59000_W600,0,0.35578209161758423
random_256,tabicl,2026-07-01,9970,1868,BEAR_CALL_BNF_58500_59000_W500,0,0.3943205177783966
random_256,tabicl,2026-07-01,9960,1869,BEAR_CALL_BNF_58500_59100_W600,0,0.3787934184074402
random_256,tabicl,2026-07-01,9950,1870,BEAR_CALL_BNF_58500_59000_W500,0,0.39892634749412537
random_256,tabicl,2026-07-01,9940,1871,BEAR_CALL_BNF_58500_59000_W500,0,0.3957381248474121
random_256,tabicl,2026-07-01,9930,1872,BEAR_CALL_BNF_58500_59000_W500,0,0.39477184414863586
random_256,tabicl,2026-07-01,9920,1894,BEAR_CALL_BNF_58400_59000_W600,0,0.3471775949001312
random_256,tabicl,2026-07-01,9910,1895,BEAR_CALL_BNF_58500_59000_W500,0,0.38598498702049255
random_256,tabicl,2026-07-01,9900,1896,BEAR_CALL_BNF_58600_59000_W400,1,0.35596421360969543
random_256,tabicl,2026-07-01,9890,1897,BEAR_CALL_BNF_58600_59000_W400,1,0.32289180159568787
random_256,tabicl,2026-07-01,9880,1898,BEAR_CALL_BNF_58500_59000_W500,0,0.38226935267448425
random_256,tabicl,2026-07-01,9870,1899,BEAR_CALL_BNF_58500_59000_W500,1,0.38168197870254517
random_256,tabicl,2026-07-01,9860,1900,BEAR_CALL_BNF_58500_59000_W500,0,0.3785896599292755
random_256,tabicl,2026-07-02,11055,1907,BEAR_CALL_BNF_58700_59200_W500,1,0.7107306718826294
random_256,tabicl,2026-07-02,11045,1908,BEAR_CALL_BNF_58600_59200_W600,1,0.7567485570907593
random_256,tabicl,2026-07-02,11035,1909,BEAR_CALL_BNF_58700_59200_W500,1,0.7220414876937866
random_256,tabicl,2026-07-02,11025,1910,BEAR_PUT_NF_24000_24150_W150,0,0.49684932827949524
random_256,tabicl,2026-07-02,11015,1911,BEAR_PUT_NF_24000_24150_W150,0,0.45464640855789185
random_256,tabicl,2026-07-02,11004,1912,BEAR_PUT_NF_23950_24150_W200,0,0.42627471685409546
random_256,tabicl,2026-07-02,10989,1913,BEAR_CALL_BNF_58700_59200_W500,1,0.6663810014724731
random_256,tabicl,2026-07-02,10981,1914,BEAR_PUT_NF_24000_24100_W100,0,0.5320096611976624
random_256,tabicl,2026-07-02,10979,1915,BEAR_PUT_NF_23950_24100_W150,0,0.4886177182197571
random_256,tabicl,2026-07-02,10973,1916,BEAR_PUT_BNF_57700_58100_W400,1,0.5588962435722351
random_256,tabicl,2026-07-02,10965,1917,BEAR_PUT_NF_23900_24100_W200,0,0.4525255262851715
random_256,tabicl,2026-07-02,10955,1918,BEAR_CALL_BNF_58600_59000_W400,1,0.6067285537719727
random_256,tabicl,2026-07-02,10945,1919,BEAR_CALL_BNF_58600_59000_W400,1,0.5891237258911133
random_256,tabicl,2026-07-02,10935,1920,BEAR_CALL_BNF_58600_59000_W400,1,0.5783281922340393
random_256,tabicl,2026-07-02,10925,1921,BEAR_CALL_BNF_58700_59200_W500,1,0.5608564019203186
random_256,tabicl,2026-07-02,10915,1922,BEAR_CALL_BNF_58700_59200_W500,1,0.5665801763534546
random_256,tabicl,2026-07-02,10905,1923,BEAR_CALL_BNF_58700_59200_W500,1,0.5460718274116516
random_256,tabicl,2026-07-02,10900,1924,BULL_PUT_BNF_57700_57300_W400,0,0.5956195592880249
random_256,tabicl,2026-07-02,10895,1925,BEAR_CALL_BNF_58600_59000_W400,1,0.5586197376251221
random_256,tabicl,2026-07-02,10885,1926,BEAR_CALL_BNF_58600_59200_W600,0,0.5487549304962158
random_256,tabicl,2026-07-02,10875,1927,BEAR_CALL_BNF_58600_59100_W500,0,0.537657618522644
random_256,tabicl,2026-07-02,10865,1928,BEAR_CALL_BNF_58600_59000_W400,0,0.56773841381073
random_256,tabicl,2026-07-02,10855,1929,BEAR_CALL_BNF_58500_59100_W600,0,0.5368661880493164
random_256,tabicl,2026-07-02,10845,1930,BEAR_CALL_BNF_58600_59000_W400,0,0.5741193890571594
random_256,tabicl,2026-07-02,10835,1931,BEAR_CALL_BNF_58500_58900_W400,0,0.614089846611023
random_256,tabicl,2026-07-02,10825,1932,BEAR_CALL_BNF_58500_59000_W500,0,0.5738741159439087
random_256,tabicl,2026-07-02,10815,1933,BEAR_CALL_BNF_58500_59000_W500,0,0.5079982876777649
random_256,tabicl,2026-07-02,10810,1934,BULL_PUT_BNF_57600_57200_W400,1,0.6557382941246033
random_256,tabicl,2026-07-02,10800,1935,BEAR_CALL_BNF_58500_59000_W500,0,0.5258196592330933
random_256,tabicl,2026-07-02,10790,1936,BEAR_CALL_BNF_58500_59000_W500,0,0.4890170991420746
random_256,tabicl,2026-07-02,10780,1937,BEAR_CALL_BNF_58500_59000_W500,0,0.5184599757194519
random_256,tabicl,2026-07-02,10770,1938,BEAR_CALL_BNF_58500_59000_W500,0,0.5054903030395508
random_256,tabicl,2026-07-02,10760,1939,BEAR_CALL_BNF_58500_59000_W500,0,0.5035969614982605
random_256,tabicl,2026-07-02,10750,1940,BEAR_CALL_BNF_58500_59000_W500,0,0.5021252632141113
random_256,tabicl,2026-07-02,10740,1941,BEAR_CALL_BNF_58600_59100_W500,0,0.4937773644924164
random_256,tabicl,2026-07-02,10730,1942,BEAR_CALL_BNF_58600_59000_W400,0,0.52261883020401
random_256,tabicl,2026-07-02,10725,1943,BULL_PUT_BNF_57700_57300_W400,0,0.5846471190452576
random_256,tabicl,2026-07-02,10715,1944,BEAR_CALL_BNF_58600_59000_W400,1,0.5239474773406982
random_256,tabicl,2026-07-02,10710,1945,BULL_PUT_BNF_57700_57300_W400,0,0.5859253406524658
random_256,tabicl,2026-07-02,10700,1946,BEAR_CALL_BNF_58600_59000_W400,0,0.5148162245750427
random_256,tabicl,2026-07-02,10690,1947,BEAR_CALL_BNF_58600_59100_W500,0,0.5017383098602295
random_256,tabicl,2026-07-02,10680,1948,BEAR_CALL_BNF_58600_59000_W400,0,0.5103427767753601
random_256,tabicl,2026-07-02,10675,1949,BULL_PUT_BNF_57600_57200_W400,0,0.621519148349762
random_256,tabicl,2026-07-02,10665,1950,BEAR_CALL_BNF_58600_59200_W600,0,0.5043200254440308
random_256,tabicl,2026-07-02,10655,1951,BEAR_CALL_BNF_58600_59000_W400,0,0.5168136358261108
random_256,tabicl,2026-07-02,10645,1952,BEAR_CALL_BNF_58600_59000_W400,0,0.5164425373077393
random_256,tabicl,2026-07-02,10635,1953,BEAR_CALL_BNF_58600_59000_W400,0,0.5171694159507751
random_256,tabicl,2026-07-02,10625,1954,BEAR_CALL_BNF_58600_59000_W400,1,0.5154448747634888
random_256,tabicl,2026-07-02,10620,1956,BULL_PUT_BNF_57600_57200_W400,0,0.6221697330474854
random_256,tabicl,2026-07-02,10610,1957,BEAR_CALL_BNF_58600_59000_W400,0,0.5124495625495911
random_256,tabicl,2026-07-02,10605,1958,BEAR_CALL_BNF_58500_59000_W500,0,0.4989924430847168
random_256,tabicl,2026-07-02,10595,1959,BEAR_CALL_BNF_58500_59000_W500,0,0.4958287179470062
random_256,tabicl,2026-07-02,10585,1960,BEAR_CALL_BNF_58500_59000_W500,0,0.49331918358802795
random_256,tabicl,2026-07-02,10575,1961,BEAR_CALL_BNF_58500_59000_W500,0,0.4819195568561554
random_256,tabicl,2026-07-02,10565,1962,BEAR_CALL_BNF_58500_59100_W600,0,0.4839489758014679
random_256,tabicl,2026-07-02,10560,1963,BULL_PUT_BNF_57600_57200_W400,0,0.619205117225647
random_256,tabicl,2026-07-02,10550,1964,BEAR_CALL_BNF_58500_59000_W500,0,0.495068222284317
random_256,tabicl,2026-07-02,10540,1965,BEAR_CALL_BNF_58400_58800_W400,0,0.4788634479045868
random_256,tabicl,2026-07-02,10535,1966,BEAR_CALL_BNF_58400_59000_W600,0,0.47208380699157715
random_256,tabicl,2026-07-02,10530,1967,BEAR_CALL_BNF_58400_59000_W600,0,0.4717636704444885
random_256,tabicl,2026-07-02,10520,1968,BEAR_CALL_BNF_58400_59000_W600,0,0.4688098728656769
random_256,tabicl,2026-07-02,10510,1969,BEAR_CALL_BNF_58400_59000_W600,0,0.46870988607406616
random_256,tabicl,2026-07-02,10505,1970,BEAR_CALL_BNF_58500_59000_W500,0,0.5022199153900146
random_256,tabicl,2026-07-02,10495,1971,BEAR_CALL_BNF_58500_59000_W500,0,0.4924067258834839
random_256,tabicl,2026-07-02,10490,1972,BEAR_CALL_BNF_58500_59000_W500,0,0.5032710433006287
random_256,tabicl,2026-07-02,10485,1973,BEAR_CALL_BNF_58500_59000_W500,0,0.5052717328071594
random_256,tabicl,2026-07-02,10475,1974,BEAR_CALL_BNF_58600_59000_W400,0,0.5155515670776367
random_256,tabicl,2026-07-02,10470,1975,BULL_PUT_BNF_57600_57200_W400,0,0.6158035397529602
random_256,tabicl,2026-07-02,10465,1976,BULL_PUT_BNF_57600_57200_W400,0,0.611521303653717
random_256,tabicl,2026-07-02,10460,1977,BEAR_CALL_BNF_58500_59000_W500,0,0.5105184316635132
random_256,tabicl,2026-07-02,10450,1978,BEAR_CALL_BNF_58500_59000_W500,0,0.49631887674331665
random_256,tabicl,2026-07-02,10440,1979,BEAR_CALL_BNF_58500_59000_W500,0,0.49727752804756165
random_256,tabicl,2026-07-03,11415,1984,BULL_PUT_BNF_57600_57200_W400,0,0.3575436472892761
random_256,tabicl,2026-07-03,11405,1985,BEAR_CALL_BNF_58600_59000_W400,1,0.6052557229995728
random_256,tabicl,2026-07-03,11395,1986,BEAR_CALL_BNF_58600_59000_W400,1,0.6083082556724548
random_256,tabicl,2026-07-03,11390,1992,BEAR_CALL_BNF_58600_59000_W400,1,0.6116859912872314
random_256,tabicl,2026-07-03,11385,1993,BULL_PUT_BNF_57600_57200_W400,0,0.36084309220314026
random_256,tabicl,2026-07-03,11375,1994,BEAR_CALL_BNF_58600_59000_W400,1,0.6024351119995117
random_256,tabicl,2026-07-03,11370,1995,BULL_PUT_BNF_57700_57300_W400,0,0.331398606300354
random_256,tabicl,2026-07-03,11365,1996,BEAR_CALL_BNF_58600_59000_W400,1,0.6116649508476257
random_256,tabicl,2026-07-03,11355,1997,BEAR_CALL_BNF_58600_59000_W400,1,0.604611873626709
random_256,tabicl,2026-07-03,11350,1998,BEAR_CALL_BNF_58600_59000_W400,1,0.6027048230171204
random_256,tabicl,2026-07-03,11345,1999,BULL_PUT_BNF_57600_57200_W400,0,0.3612331748008728
random_256,tabicl,2026-07-03,11335,2000,BEAR_CALL_BNF_58600_59000_W400,1,0.604532778263092
random_256,tabicl,2026-07-03,11330,2001,BEAR_CALL_BNF_58500_59000_W500,1,0.6025460958480835
random_256,tabicl,2026-07-03,11325,2002,BEAR_CALL_BNF_58500_59000_W500,1,0.5965979695320129
random_256,tabicl,2026-07-03,11320,2003,BEAR_CALL_BNF_58500_59000_W500,1,0.5983908176422119
random_256,tabicl,2026-07-03,11315,2004,BULL_PUT_BNF_57500_57100_W400,0,0.4353594183921814
random_256,tabicl,2026-07-03,11310,2005,BULL_PUT_BNF_57500_57100_W400,0,0.45262831449508667
random_256,tabicl,2026-07-03,11305,2006,BEAR_CALL_BNF_58400_59000_W600,1,0.577583372592926
random_256,tabicl,2026-07-03,11300,2007,BEAR_CALL_BNF_58400_59000_W600,1,0.5776426196098328
random_256,tabicl,2026-07-03,11290,2008,BEAR_CALL_BNF_58500_59000_W500,1,0.5895179510116577
random_256,tabicl,2026-07-03,11280,2009,BEAR_CALL_BNF_58500_59000_W500,1,0.5900769829750061
random_256,tabicl,2026-07-03,11275,2010,BEAR_CALL_BNF_58500_59000_W500,1,0.6006624698638916
random_256,tabicl,2026-07-03,11270,2011,BULL_PUT_BNF_57600_57200_W400,0,0.36450377106666565
random_256,tabicl,2026-07-03,11265,2012,BULL_PUT_BNF_57600_57200_W400,0,0.3679402768611908
random_256,tabicl,2026-07-03,11260,2013,BEAR_CALL_BNF_58500_59000_W500,1,0.6007141470909119
random_256,tabicl,2026-07-03,11255,2014,BEAR_CALL_BNF_58500_59000_W500,1,0.6025278568267822
random_256,tabicl,2026-07-03,11250,2015,BEAR_CALL_BNF_58500_59000_W500,1,0.5964983105659485
random_256,tabicl,2026-07-03,11245,2016,BEAR_CALL_BNF_58500_59000_W500,1,0.5978172421455383
random_256,tabicl,2026-07-03,11240,2017,BEAR_CALL_BNF_58500_59000_W500,1,0.6003751158714294
random_256,tabicl,2026-07-03,11230,2018,BEAR_CALL_BNF_58500_59000_W500,1,0.5925837159156799
random_256,tabicl,2026-07-03,11225,2019,BEAR_CALL_BNF_58500_59000_W500,1,0.5969616770744324
random_256,tabicl,2026-07-03,11220,2020,BULL_PUT_BNF_57500_57100_W400,0,0.44190821051597595
random_256,tabicl,2026-07-03,11215,2021,BULL_PUT_BNF_57500_57100_W400,0,0.4368461072444916
random_256,tabicl,2026-07-03,11210,2022,BULL_PUT_BNF_57500_57100_W400,0,0.44782599806785583
random_256,tabicl,2026-07-03,11205,2023,BULL_PUT_BNF_57500_57100_W400,0,0.45219478011131287
random_256,tabicl,2026-07-03,11200,2024,BULL_PUT_BNF_57500_57100_W400,0,0.45797890424728394
random_256,tabicl,2026-07-03,11195,2025,BEAR_CALL_BNF_58400_58900_W500,1,0.5664619207382202
random_256,tabicl,2026-07-03,11190,2026,BULL_PUT_BNF_57400_57000_W400,1,0.5051305890083313
random_256,tabicl,2026-07-03,11185,2027,BULL_PUT_BNF_57400_57000_W400,1,0.5143557786941528
random_256,tabicl,2026-07-03,11180,2028,BULL_PUT_BNF_57400_57000_W400,1,0.5000624656677246
random_256,tabicl,2026-07-03,11175,2029,BULL_PUT_BNF_57400_57000_W400,1,0.5095430016517639
random_256,tabicl,2026-07-03,11170,2030,BULL_PUT_BNF_57400_57000_W400,1,0.5041126012802124
random_256,tabicl,2026-07-03,11165,2031,BULL_PUT_BNF_57400_57000_W400,1,0.5104876756668091
random_256,tabicl,2026-07-03,11160,2032,BEAR_CALL_BNF_58300_58700_W400,0,0.5680959820747375
random_256,tabicl,2026-07-03,11155,2033,BEAR_CALL_BNF_58300_58700_W400,0,0.58077073097229
random_256,tabicl,2026-07-03,11150,2034,BULL_PUT_BNF_57400_57000_W400,1,0.5164742469787598
random_256,tabicl,2026-07-03,11145,2035,BULL_PUT_BNF_57400_57000_W400,1,0.5071241855621338
random_256,tabicl,2026-07-03,11140,2036,BULL_PUT_BNF_57400_57000_W400,1,0.5064719915390015
random_256,tabicl,2026-07-03,11135,2037,BULL_PUT_BNF_57400_57000_W400,1,0.521607518196106
random_256,tabicl,2026-07-03,11130,2038,BEAR_CALL_BNF_58300_58700_W400,0,0.5660684704780579
random_256,tabicl,2026-07-03,11125,2039,BULL_PUT_BNF_57400_57000_W400,1,0.521084189414978
random_256,tabicl,2026-07-03,11115,2040,BEAR_CALL_BNF_58400_59000_W600,0,0.5718920230865479
random_256,tabicl,2026-07-03,11110,2041,BULL_PUT_BNF_57400_57000_W400,1,0.5103692412376404
random_256,tabicl,2026-07-03,11105,2042,BULL_PUT_BNF_57400_57000_W400,1,0.5113315582275391
random_256,tabicl,2026-07-03,11100,2043,BEAR_CALL_BNF_58400_58900_W500,0,0.5531027317047119
random_256,tabicl,2026-07-03,11090,2044,BEAR_CALL_BNF_58400_59000_W600,0,0.5736217498779297
random_256,tabicl,2026-07-03,11085,2045,BEAR_CALL_BNF_58400_58900_W500,0,0.5563492178916931
random_256,tabicl,2026-07-03,11080,2046,BEAR_CALL_BNF_58400_59000_W600,0,0.5785949230194092
random_256,tabicl,2026-07-03,11075,2047,BEAR_CALL_BNF_58400_59000_W600,0,0.5821844339370728
random_256,tabicl,2026-07-03,11070,2048,BEAR_CALL_BNF_58400_59000_W600,0,0.5818566083908081
random_256,tabicl,2026-07-03,11065,2049,BULL_PUT_BNF_57500_57100_W400,0,0.45782527327537537
random_256,tabicl,2026-07-07,11925,2136,BULL_PUT_BNF_58000_57600_W400,0,0.24813364446163177
random_256,tabicl,2026-07-07,11920,2137,BULL_PUT_BNF_58000_57600_W400,0,0.24925944209098816
random_256,tabicl,2026-07-07,11910,2138,BULL_PUT_BNF_57900_57500_W400,0,0.22395166754722595
random_256,tabicl,2026-07-07,11900,2139,BULL_PUT_BNF_58000_57600_W400,0,0.2620890140533447
random_256,tabicl,2026-07-07,11890,2140,BEAR_CALL_BNF_58900_59300_W400,1,0.6739729642868042
random_256,tabicl,2026-07-07,11880,2141,BEAR_CALL_BNF_58900_59300_W400,1,0.6718365550041199
random_256,tabicl,2026-07-07,11865,2142,BEAR_CALL_BNF_58900_59300_W400,1,0.6702378392219543
random_256,tabicl,2026-07-07,11855,2143,BEAR_CALL_BNF_58900_59300_W400,1,0.6667004823684692
random_256,tabicl,2026-07-07,11845,2144,BEAR_CALL_BNF_58900_59300_W400,1,0.6693757772445679
random_256,tabicl,2026-07-07,11830,2145,BEAR_CALL_BNF_58900_59300_W400,1,0.6687923669815063
random_256,tabicl,2026-07-07,11815,2146,BEAR_CALL_BNF_58900_59300_W400,1,0.6675572991371155
random_256,tabicl,2026-07-07,11810,2147,BULL_PUT_BNF_58000_57600_W400,0,0.251685231924057
random_256,tabicl,2026-07-07,11795,2148,BEAR_CALL_BNF_58900_59300_W400,1,0.6655434370040894
random_256,tabicl,2026-07-07,11780,2149,BEAR_CALL_BNF_58900_59300_W400,1,0.6655205488204956
random_256,tabicl,2026-07-07,11765,2150,BEAR_CALL_BNF_58900_59300_W400,1,0.6645522117614746
random_256,tabicl,2026-07-07,11755,2151,BEAR_CALL_BNF_58900_59300_W400,1,0.6600923538208008
random_256,tabicl,2026-07-07,11745,2152,BULL_PUT_BNF_58000_57600_W400,0,0.25204014778137207
random_256,tabicl,2026-07-07,11735,2153,BEAR_CALL_BNF_58900_59300_W400,1,0.6631383299827576
random_256,tabicl,2026-07-07,11725,2154,BULL_PUT_BNF_58000_57600_W400,0,0.2527259290218353
random_256,tabicl,2026-07-07,11715,2155,BULL_PUT_BNF_58000_57600_W400,0,0.2582359313964844
random_256,tabicl,2026-07-07,11705,2156,BULL_PUT_BNF_58000_57600_W400,0,0.25834551453590393
random_256,tabicl,2026-07-07,11695,2157,BEAR_CALL_BNF_58900_59300_W400,1,0.6592323184013367
random_256,tabicl,2026-07-07,11685,2158,BEAR_CALL_BNF_58900_59300_W400,1,0.6592712998390198
random_256,tabicl,2026-07-07,11675,2159,BULL_PUT_BNF_57900_57500_W400,0,0.20378102362155914
random_256,tabicl,2026-07-07,11665,2160,BEAR_CALL_BNF_58900_59300_W400,1,0.661505937576294
random_256,tabicl,2026-07-07,11655,2161,BEAR_CALL_BNF_58900_59300_W400,1,0.6642783284187317
random_256,tabicl,2026-07-07,11645,2162,BEAR_CALL_BNF_58900_59300_W400,1,0.6665171384811401
random_256,tabicl,2026-07-07,11635,2163,BEAR_CALL_BNF_58900_59300_W400,1,0.6665029525756836
random_256,tabicl,2026-07-07,11625,2164,BEAR_CALL_BNF_58900_59300_W400,1,0.6609084010124207
random_256,tabicl,2026-07-07,11615,2165,BEAR_CALL_BNF_58900_59300_W400,1,0.6625943779945374
random_256,tabicl,2026-07-07,11610,2166,BULL_PUT_BNF_58000_57600_W400,0,0.24481074512004852
random_256,tabicl,2026-07-07,11605,2167,BULL_PUT_BNF_58000_57600_W400,0,0.24504636228084564
random_256,tabicl,2026-07-07,11600,2168,BULL_PUT_BNF_58000_57600_W400,0,0.24946975708007812
random_256,tabicl,2026-07-07,11595,2169,BULL_PUT_BNF_58000_57600_W400,0,0.24682557582855225
random_256,tabicl,2026-07-07,11580,2170,BEAR_CALL_BNF_58900_59300_W400,1,0.6602782607078552
random_256,tabicl,2026-07-07,11570,2171,BULL_PUT_BNF_57900_57500_W400,0,0.2002107948064804
random_256,tabicl,2026-07-07,11560,2172,BULL_PUT_BNF_58000_57600_W400,0,0.2521224915981293
random_256,tabicl,2026-07-07,11545,2173,BEAR_CALL_BNF_58900_59300_W400,1,0.6609731316566467
random_256,tabicl,2026-07-07,11535,2174,BEAR_CALL_BNF_58800_59200_W400,1,0.7248982191085815
random_256,tabicl,2026-07-07,11525,2175,BEAR_CALL_BNF_58800_59200_W400,1,0.7301895618438721
random_256,tabicl,2026-07-07,11515,2176,BEAR_CALL_BNF_58800_59200_W400,1,0.724000096321106
random_256,tabicl,2026-07-07,11510,2177,BEAR_CALL_BNF_58800_59200_W400,1,0.7257668972015381
random_256,tabicl,2026-07-07,11505,2178,BEAR_CALL_BNF_58800_59200_W400,1,0.728381872177124
random_256,tabicl,2026-07-07,11500,2179,BEAR_CALL_BNF_58800_59200_W400,1,0.7289215326309204
random_256,tabicl,2026-07-07,11495,2180,BULL_PUT_BNF_57800_57400_W400,0,0.15188907086849213
random_256,tabicl,2026-07-07,11490,2181,BEAR_CALL_BNF_58700_59100_W400,1,0.8172908425331116
random_256,tabicl,2026-07-07,11485,2182,BEAR_CALL_BNF_58700_59100_W400,1,0.8212745189666748
random_256,tabicl,2026-07-07,11480,2183,BEAR_CALL_BNF_58700_59100_W400,0,0.8236439228057861
random_256,tabicl,2026-07-07,11475,2184,BULL_PUT_BNF_57800_57400_W400,0,0.15198466181755066
random_256,tabicl,2026-07-07,11470,2185,BULL_PUT_BNF_57800_57400_W400,0,0.15265022218227386
random_256,tabicl,2026-07-07,11465,2186,BULL_PUT_BNF_57800_57400_W400,0,0.1502857208251953
random_256,tabicl,2026-07-07,11460,2187,BULL_PUT_BNF_57800_57400_W400,0,0.15161003172397614
random_256,tabicl,2026-07-07,11450,2188,BULL_PUT_BNF_58000_57600_W400,0,0.2579176425933838
random_256,tabicl,2026-07-07,11440,2189,BEAR_CALL_BNF_58700_59100_W400,1,0.8148189783096313
random_256,tabicl,2026-07-07,11430,2190,BULL_PUT_BNF_58000_57600_W400,0,0.2601182758808136
random_256,tabicl,2026-07-07,11425,2191,BULL_PUT_BNF_57800_57400_W400,0,0.15531529486179352
random_256,tabicl,2026-07-07,11420,2192,BEAR_CALL_BNF_58800_59200_W400,1,0.72294020652771
random_256,tabicl,2026-07-08,12026,2213,BEAR_PUT_BNF_57100_57700_W600,1,0.35607025027275085
random_256,tabicl,2026-07-08,12024,2214,BEAR_PUT_BNF_56800_57800_W1000,1,0.3018234670162201
random_256,tabicl,2026-07-08,12023,2215,BEAR_PUT_BNF_57000_57800_W800,1,0.34057942032814026
random_256,tabicl,2026-07-08,12021,2217,BEAR_PUT_BNF_57100_57900_W800,1,0.34663113951683044
random_256,tabicl,2026-07-08,12019,2218,BEAR_PUT_BNF_56900_57900_W1000,1,0.31738701462745667
random_256,tabicl,2026-07-08,12018,2219,BEAR_PUT_BNF_57200_57800_W600,1,0.3554545044898987
random_256,tabicl,2026-07-08,12014,2226,BEAR_PUT_BNF_57400_58000_W600,1,0.36178654432296753
random_256,tabicl,2026-07-08,12011,2227,BEAR_PUT_BNF_57400_58000_W600,1,0.3382299542427063
random_256,tabicl,2026-07-08,12008,2228,BEAR_PUT_BNF_57400_58000_W600,1,0.33366858959198
random_256,tabicl,2026-07-08,12007,2264,BEAR_PUT_BNF_57000_57600_W600,1,0.3374083936214447
random_256,tabicl,2026-07-08,12005,2265,BEAR_PUT_BNF_56600_57400_W800,1,0.2795470058917999
random_256,tabicl,2026-07-08,12003,2266,BEAR_PUT_BNF_56400_57200_W800,1,0.2178681194782257
random_256,tabicl,2026-07-08,12000,2267,BEAR_PUT_NF_23700_24000_W300,1,0.14815886318683624
random_256,tabicl,2026-07-08,11997,2268,BEAR_PUT_NF_23750_23850_W100,1,0.3116115629673004
random_256,tabicl,2026-07-08,11989,2269,BEAR_PUT_NF_23600_23900_W300,0,0.25753071904182434
random_256,tabicl,2026-07-08,11983,2270,BEAR_PUT_NF_23650_23900_W250,1,0.2110297530889511
random_256,tabicl,2026-07-08,11974,2271,BEAR_PUT_NF_23600_23900_W300,1,0.23939310014247894
random_256,tabicl,2026-07-08,11969,2272,BEAR_PUT_NF_23600_23850_W250,0,0.3765333294868469
random_256,tabicl,2026-07-08,11959,2273,BEAR_PUT_NF_23600_23900_W300,1,0.35442763566970825
random_256,tabicl,2026-07-08,11950,2276,BEAR_PUT_NF_23550_23850_W300,0,0.28705450892448425
random_256,tabicl,2026-07-08,11942,2277,BEAR_PUT_NF_23600_23800_W200,0,0.40977516770362854
random_256,tabicl,2026-07-08,11930,2278,BEAR_PUT_NF_23450_23850_W400,0,0.3897506296634674
random_256,tabicl,2026-07-09,12027,2288,BULL_CALL_NF_24400_24000_W400,0,0.4229598343372345
random_256,tabicl,2026-07-13,12031,2498,BEAR_CALL_BNF_58500_59000_W500,1,0.7289880514144897
random_256,tabicl,2026-07-14,12056,2518,BEAR_PUT_BNF_56500_57500_W1000,0,0.5336506962776184
random_256,tabicl,2026-07-14,12050,2529,BEAR_PUT_BNF_56600_57600_W1000,1,0.5521329641342163
random_256,tabicl,2026-07-14,12045,2580,BEAR_PUT_BNF_56700_57500_W800,1,0.6481723785400391
random_256,tabicl,2026-07-14,12038,2581,BEAR_PUT_BNF_56500_57500_W1000,1,0.5291001796722412
random_256,tabicl,2026-07-14,12033,2582,BEAR_PUT_BNF_56500_57500_W1000,0,0.5390770435333252
random_256,tabicl,2026-07-16,12103,2659,BEAR_PUT_NF_23900_24150_W250,1,0.681371808052063
random_256,tabicl,2026-07-16,12092,2660,BEAR_PUT_NF_23850_24150_W300,1,0.684494137763977
random_256,tabicl,2026-07-16,12086,2661,BEAR_PUT_NF_23950_24100_W150,1,0.6809393167495728
random_256,tabicl,2026-07-16,12078,2662,BEAR_PUT_NF_23900_24100_W200,1,0.6887816786766052
random_256,tabicl,2026-07-16,12073,2678,BEAR_PUT_NF_24050_24150_W100,1,0.6795254349708557
random_256,tabicl,2026-07-16,12068,2679,BEAR_PUT_NF_24050_24150_W100,1,0.6797656416893005
random_256,tabicl,2026-07-16,12063,2680,BEAR_PUT_NF_24000_24150_W150,1,0.669302761554718
random_256,tabicl,2026-07-17,12207,2736,BEAR_PUT_NF_24000_24200_W200,0,0.5487549304962158
random_256,tabicl,2026-07-17,12198,2737,BEAR_PUT_NF_24000_24200_W200,0,0.5514951944351196
random_256,tabicl,2026-07-17,12189,2738,BEAR_PUT_NF_24000_24200_W200,0,0.5487663149833679
random_256,tabicl,2026-07-17,12178,2739,BEAR_PUT_NF_23950_24250_W300,0,0.5301956534385681
random_256,tabicl,2026-07-17,12167,2740,BEAR_PUT_NF_23950_24250_W300,0,0.5304054021835327
random_256,tabicl,2026-07-17,12154,2746,BEAR_PUT_NF_24000_24300_W300,0,0.538467526435852
random_256,tabicl,2026-07-17,12145,2747,BEAR_PUT_NF_24050_24250_W200,0,0.5635989308357239
random_256,tabicl,2026-07-17,12133,2748,BEAR_PUT_NF_24000_24300_W300,0,0.5379707217216492
random_256,tabicl,2026-07-17,12121,2749,BEAR_PUT_NF_24000_24300_W300,0,0.5379785299301147
random_256,tabicl,2026-07-17,12112,2750,BEAR_PUT_NF_24050_24250_W200,0,0.5634670853614807
random_256,tabicl,2026-07-20,12220,2821,BEAR_PUT_NF_24050_24250_W200,0,0.4955492913722992
random_256,tabicl,2026-07-20,12216,2822,BEAR_PUT_BNF_57000_57800_W800,0,0.12389175593852997
random_256,tabicl,2026-07-21,12246,2879,BEAR_PUT_NF_24150_24250_W100,1,0.4903137981891632
random_256,tabicl,2026-07-21,12241,2880,BEAR_PUT_BNF_57500_58100_W600,1,0.5084068179130554
random_256,tabicl,2026-07-21,12236,2881,BEAR_PUT_NF_24100_24250_W150,1,0.48721426725387573
random_256,tabicl,2026-07-21,12231,2882,BEAR_PUT_NF_24100_24250_W150,1,0.48999539017677307
random_256,tabicl,2026-07-21,12226,2883,BEAR_PUT_NF_24150_24250_W100,1,0.5087009072303772
random_256,tabicl,2026-07-22,12259,2954,BEAR_PUT_NF_23800_24100_W300,1,0.23418815433979034
random_256,tabicl,2026-07-22,12253,2955,BEAR_PUT_NF_23800_24050_W250,1,0.34592756628990173
random_256,tabicl,2026-07-22,12252,2956,BEAR_PUT_BNF_56800_57300_W500,1,0.15159717202186584
random_256,tabicl,2026-07-23,12062,3029,BEAR_PUT_NF_23750_23950_W200,1,0.5815767049789429
