arm,model,day,source_s1_id,snapshot_id,candidate_id,label,score
A1_primary_25,tabicl,2026-06-23,8657,1411,BEAR_CALL_BNF_58400_58800_W400,1,0.6942296028137207
A1_primary_25,tabicl,2026-06-23,8653,1441,BEAR_PUT_NF_23900_24100_W200,1,0.09535136073827744
A1_primary_25,tabicl,2026-06-23,8650,1442,BEAR_PUT_BNF_57200_57600_W400,1,0.21464286744594574
A1_primary_25,tabicl,2026-06-23,8648,1443,BEAR_PUT_BNF_57300_57600_W300,1,0.20239868760108948
A1_primary_25,tabicl,2026-06-23,8642,1444,BEAR_PUT_NF_23900_24000_W100,1,0.104557566344738
A1_primary_25,tabicl,2026-06-23,8636,1445,BEAR_PUT_BNF_57100_57500_W400,1,0.21658122539520264
A1_primary_25,tabicl,2026-06-23,8629,1446,BEAR_PUT_BNF_57100_57500_W400,1,0.21766246855258942
A1_primary_25,tabicl,2026-06-23,8623,1447,BEAR_PUT_BNF_57100_57500_W400,1,0.21729306876659393
A1_primary_25,tabicl,2026-06-23,8618,1448,BEAR_CALL_BNF_58000_58400_W400,1,0.7131333947181702
A1_primary_25,tabicl,2026-06-23,8609,1449,BEAR_CALL_BNF_57900_58300_W400,1,0.7126161456108093
A1_primary_25,tabicl,2026-06-23,8595,1450,BEAR_CALL_BNF_57900_58300_W400,1,0.7345491051673889
A1_primary_25,tabicl,2026-06-23,8581,1451,BEAR_CALL_BNF_57900_58300_W400,1,0.7264813184738159
A1_primary_25,tabicl,2026-06-23,8567,1452,BEAR_CALL_BNF_57900_58300_W400,1,0.7264832258224487
A1_primary_25,tabicl,2026-06-23,8553,1453,BEAR_CALL_BNF_57900_58300_W400,1,0.7282423973083496
A1_primary_25,tabicl,2026-06-23,8544,1454,BEAR_CALL_BNF_58000_58400_W400,1,0.6920537352561951
A1_primary_25,tabicl,2026-06-23,8535,1455,BEAR_CALL_BNF_58000_58400_W400,1,0.6862131953239441
A1_primary_25,tabicl,2026-06-23,8526,1456,BEAR_CALL_BNF_57900_58300_W400,1,0.7035959959030151
A1_primary_25,tabicl,2026-06-23,8517,1457,BEAR_CALL_BNF_57900_58300_W400,1,0.7087376713752747
A1_primary_25,tabicl,2026-06-23,8508,1458,BEAR_CALL_BNF_57900_58300_W400,1,0.7093218564987183
A1_primary_25,tabicl,2026-06-23,8499,1459,BEAR_CALL_BNF_57900_58300_W400,1,0.7135370969772339
A1_primary_25,tabicl,2026-06-23,8490,1460,BEAR_CALL_BNF_58000_58400_W400,1,0.6937506198883057
A1_primary_25,tabicl,2026-06-23,8476,1461,BEAR_CALL_BNF_57900_58300_W400,1,0.7147175073623657
A1_primary_25,tabicl,2026-06-23,8462,1462,BEAR_CALL_BNF_57900_58300_W400,1,0.7158846855163574
A1_primary_25,tabicl,2026-06-23,8453,1463,BEAR_CALL_BNF_58000_58400_W400,1,0.6837949156761169
A1_primary_25,tabicl,2026-06-23,8439,1464,BEAR_CALL_BNF_57900_58300_W400,1,0.7060917019844055
A1_primary_25,tabicl,2026-06-23,8425,1465,BEAR_CALL_BNF_57900_58300_W400,1,0.71138995885849
A1_primary_25,tabicl,2026-06-23,8411,1466,BEAR_CALL_BNF_57900_58300_W400,1,0.710001528263092
A1_primary_25,tabicl,2026-06-23,8402,1467,BEAR_CALL_BNF_57900_58300_W400,1,0.6996980905532837
A1_primary_25,tabicl,2026-06-23,8393,1468,BEAR_CALL_BNF_57800_58200_W400,1,0.7085224986076355
A1_primary_25,tabicl,2026-06-23,8384,1469,BEAR_CALL_BNF_57800_58200_W400,1,0.7105055451393127
A1_primary_25,tabicl,2026-06-23,8374,1470,BEAR_CALL_BNF_57800_58200_W400,1,0.6954330205917358
A1_primary_25,tabicl,2026-06-23,8364,1471,BEAR_CALL_BNF_57800_58200_W400,1,0.7025467753410339
A1_primary_25,tabicl,2026-06-23,8355,1472,BEAR_CALL_BNF_57800_58200_W400,1,0.7096074819564819
A1_primary_25,tabicl,2026-06-23,8346,1473,BEAR_CALL_BNF_57800_58200_W400,1,0.7143710851669312
A1_primary_25,tabicl,2026-06-23,8337,1474,BEAR_CALL_BNF_57800_58200_W400,1,0.6926310062408447
A1_primary_25,tabicl,2026-06-23,8327,1475,BEAR_CALL_BNF_57800_58200_W400,1,0.6837365627288818
A1_primary_25,tabicl,2026-06-23,8318,1476,BEAR_CALL_BNF_57800_58200_W400,1,0.70267254114151
A1_primary_25,tabicl,2026-06-23,8309,1477,BEAR_CALL_BNF_57800_58200_W400,1,0.6997300982475281
A1_primary_25,tabicl,2026-06-23,8300,1478,BEAR_CALL_BNF_57900_58300_W400,1,0.6792954802513123
A1_primary_25,tabicl,2026-06-23,8291,1479,BEAR_CALL_BNF_57800_58200_W400,1,0.69654381275177
A1_primary_25,tabicl,2026-06-23,8282,1480,BEAR_CALL_BNF_57900_58300_W400,1,0.6786157488822937
A1_primary_25,tabicl,2026-06-23,8273,1482,BEAR_CALL_BNF_57800_58200_W400,1,0.7017809748649597
A1_primary_25,tabicl,2026-06-23,8264,1483,BEAR_CALL_BNF_57800_58200_W400,1,0.6951044201850891
A1_primary_25,tabicl,2026-06-23,8255,1484,BEAR_CALL_BNF_57900_58300_W400,1,0.6920713782310486
A1_primary_25,tabicl,2026-06-23,8246,1485,BEAR_CALL_BNF_57900_58300_W400,1,0.6803526878356934
A1_primary_25,tabicl,2026-06-23,8237,1486,BEAR_CALL_BNF_57900_58300_W400,1,0.680109977722168
A1_primary_25,tabicl,2026-06-23,8228,1487,BEAR_CALL_BNF_57900_58300_W400,1,0.6767227649688721
A1_primary_25,tabicl,2026-06-23,8212,1488,BEAR_PUT_NF_23650_23850_W200,0,0.08868031203746796
A1_primary_25,tabicl,2026-06-23,8198,1489,BEAR_PUT_NF_23650_23850_W200,1,0.09538295120000839
A1_primary_25,tabicl,2026-06-23,8181,1490,BEAR_PUT_NF_23600_23850_W250,0,0.10391633957624435
A1_primary_25,tabicl,2026-06-23,8167,1491,BEAR_CALL_BNF_57500_57900_W400,0,0.7975078821182251
A1_primary_25,tabicl,2026-06-23,8153,1492,BEAR_CALL_BNF_57500_57900_W400,0,0.7913345694541931
A1_primary_25,tabicl,2026-06-24,9066,1496,BEAR_PUT_NF_23700_23850_W150,0,0.5484423041343689
A1_primary_25,tabicl,2026-06-24,9055,1497,BEAR_PUT_NF_23700_23850_W150,0,0.5509384274482727
A1_primary_25,tabicl,2026-06-24,9044,1498,BEAR_PUT_NF_23650_23900_W250,0,0.40741077065467834
A1_primary_25,tabicl,2026-06-24,9034,1499,BEAR_PUT_NF_23700_23850_W150,0,0.5421972274780273
A1_primary_25,tabicl,2026-06-24,9022,1500,BEAR_PUT_NF_23600_23900_W300,0,0.2693079710006714
A1_primary_25,tabicl,2026-06-24,9013,1501,BEAR_CALL_BNF_58000_58400_W400,0,0.9242638945579529
A1_primary_25,tabicl,2026-06-24,9006,1502,BEAR_PUT_BNF_56800_57400_W600,0,0.5441043376922607
A1_primary_25,tabicl,2026-06-24,8993,1503,BEAR_PUT_NF_23550_23850_W300,0,0.18416637182235718
A1_primary_25,tabicl,2026-06-24,8983,1504,BEAR_PUT_NF_23600_23850_W250,0,0.349735289812088
A1_primary_25,tabicl,2026-06-24,8973,1505,BEAR_PUT_NF_23650_23900_W250,0,0.4154737889766693
A1_primary_25,tabicl,2026-06-24,8965,1506,BEAR_PUT_NF_23700_23900_W200,0,0.553047776222229
A1_primary_25,tabicl,2026-06-24,8953,1507,BEAR_PUT_NF_23700_23900_W200,0,0.5489934682846069
A1_primary_25,tabicl,2026-06-24,8944,1508,BEAR_PUT_NF_23700_23900_W200,0,0.5446277856826782
A1_primary_25,tabicl,2026-06-24,8936,1509,BEAR_PUT_NF_23750_23950_W200,0,0.5932546854019165
A1_primary_25,tabicl,2026-06-24,8927,1510,BEAR_CALL_BNF_58200_58600_W400,0,0.9223819971084595
A1_primary_25,tabicl,2026-06-24,8918,1511,BEAR_CALL_BNF_58200_58600_W400,0,0.9230097532272339
A1_primary_25,tabicl,2026-06-24,8909,1512,BEAR_CALL_BNF_58200_58600_W400,0,0.9173144102096558
A1_primary_25,tabicl,2026-06-24,8900,1513,BEAR_CALL_BNF_58200_58600_W400,0,0.909915566444397
A1_primary_25,tabicl,2026-06-24,8891,1514,BEAR_CALL_BNF_58200_58600_W400,0,0.9249082803726196
A1_primary_25,tabicl,2026-06-24,8882,1515,BEAR_CALL_BNF_58200_58600_W400,0,0.9236481785774231
A1_primary_25,tabicl,2026-06-24,8873,1516,BEAR_CALL_BNF_58200_58600_W400,0,0.9216188788414001
A1_primary_25,tabicl,2026-06-24,8865,1517,BEAR_CALL_BNF_58300_58700_W400,0,0.9130536317825317
A1_primary_25,tabicl,2026-06-24,8853,1518,BEAR_PUT_NF_23750_24000_W250,0,0.5284892320632935
A1_primary_25,tabicl,2026-06-24,8843,1519,BEAR_PUT_NF_23750_24000_W250,0,0.5144127011299133
A1_primary_25,tabicl,2026-06-24,8833,1520,BEAR_PUT_NF_23800_23950_W150,0,0.6017001271247864
A1_primary_25,tabicl,2026-06-24,8820,1521,BEAR_PUT_NF_23700_24000_W300,0,0.33688220381736755
A1_primary_25,tabicl,2026-06-24,8811,1522,BEAR_CALL_BNF_58400_58800_W400,0,0.9033478498458862
A1_primary_25,tabicl,2026-06-24,8802,1523,BEAR_CALL_BNF_58400_58800_W400,0,0.9077396988868713
A1_primary_25,tabicl,2026-06-24,8794,1524,BEAR_CALL_BNF_58500_58900_W400,0,0.8878379464149475
A1_primary_25,tabicl,2026-06-24,8785,1525,BEAR_CALL_BNF_58500_58900_W400,0,0.9048693776130676
A1_primary_25,tabicl,2026-06-24,8777,1526,BEAR_CALL_BNF_58600_59000_W400,1,0.8820628523826599
A1_primary_25,tabicl,2026-06-24,8769,1527,BEAR_CALL_BNF_58600_59000_W400,1,0.883269727230072
A1_primary_25,tabicl,2026-06-24,8761,1528,BEAR_CALL_BNF_58600_59000_W400,1,0.879551887512207
A1_primary_25,tabicl,2026-06-24,8753,1529,BEAR_CALL_BNF_58600_59000_W400,1,0.8828380703926086
A1_primary_25,tabicl,2026-06-24,8744,1530,BEAR_CALL_BNF_58600_59000_W400,0,0.8765311241149902
A1_primary_25,tabicl,2026-06-24,8735,1531,BEAR_CALL_BNF_58500_58900_W400,0,0.8962605595588684
A1_primary_25,tabicl,2026-06-24,8727,1532,BEAR_CALL_BNF_58600_59000_W400,1,0.8769633173942566
A1_primary_25,tabicl,2026-06-24,8718,1533,BEAR_CALL_BNF_58600_59000_W400,1,0.890625
A1_primary_25,tabicl,2026-06-24,8710,1534,BEAR_CALL_BNF_58600_59000_W400,0,0.8721573948860168
A1_primary_25,tabicl,2026-06-24,8701,1538,BEAR_CALL_BNF_58500_58900_W400,0,0.8975072503089905
A1_primary_25,tabicl,2026-06-24,8692,1539,BEAR_CALL_BNF_58500_58900_W400,0,0.898532509803772
A1_primary_25,tabicl,2026-06-24,8683,1541,BEAR_CALL_BNF_58500_58900_W400,0,0.899161696434021
A1_primary_25,tabicl,2026-06-24,8674,1542,BEAR_CALL_BNF_58500_58900_W400,0,0.901724636554718
A1_primary_25,tabicl,2026-06-24,8666,1551,BEAR_CALL_BNF_58700_59100_W400,1,0.8812433481216431
A1_primary_25,tabicl,2026-06-29,9689,1668,BULL_PUT_NF_24000_23850_W150,0,0.7084909677505493
A1_primary_25,tabicl,2026-06-29,9674,1669,BULL_PUT_NF_24000_23850_W150,0,0.6906152963638306
A1_primary_25,tabicl,2026-06-29,9649,1671,BULL_PUT_NF_24000_23850_W150,0,0.5633308291435242
A1_primary_25,tabicl,2026-06-29,9433,1692,BEAR_CALL_NF_24100_24250_W150,1,0.709846019744873
A1_primary_25,tabicl,2026-06-29,9419,1693,BEAR_CALL_NF_24100_24250_W150,1,0.734250545501709
A1_primary_25,tabicl,2026-06-29,9405,1694,BEAR_CALL_NF_24100_24250_W150,1,0.7339901328086853
A1_primary_25,tabicl,2026-06-29,9391,1695,BEAR_CALL_NF_24100_24250_W150,1,0.7309910655021667
A1_primary_25,tabicl,2026-06-29,9376,1696,BEAR_CALL_NF_24100_24250_W150,1,0.439048707485199
A1_primary_25,tabicl,2026-06-29,9363,1697,BEAR_CALL_NF_24100_24250_W150,1,0.48921775817871094
A1_primary_25,tabicl,2026-06-29,9344,1698,BEAR_CALL_NF_24100_24250_W150,1,0.5898606181144714
A1_primary_25,tabicl,2026-06-29,9325,1699,BEAR_CALL_NF_24100_24250_W150,1,0.73924320936203
A1_primary_25,tabicl,2026-06-29,9144,1716,BULL_PUT_BNF_57400_57000_W400,0,0.49970126152038574
A1_primary_25,tabicl,2026-06-29,9139,1717,BULL_PUT_BNF_57400_57000_W400,0,0.5020995140075684
A1_primary_25,tabicl,2026-06-29,9134,1718,BULL_PUT_BNF_57400_57000_W400,0,0.5341745018959045
A1_primary_25,tabicl,2026-06-29,9129,1719,BEAR_CALL_BNF_58400_58800_W400,1,0.5888642072677612
A1_primary_25,tabicl,2026-06-29,9124,1720,BULL_PUT_BNF_57400_57000_W400,0,0.526009202003479
A1_primary_25,tabicl,2026-06-29,9120,1721,BULL_PUT_BNF_57400_57000_W400,0,0.49890756607055664
A1_primary_25,tabicl,2026-06-29,9116,1722,BULL_PUT_BNF_57400_57000_W400,0,0.514281690120697
A1_primary_25,tabicl,2026-06-29,9112,1723,BEAR_CALL_BNF_58400_58800_W400,1,0.5656328797340393
A1_primary_25,tabicl,2026-06-29,9108,1724,BULL_PUT_BNF_57400_57000_W400,0,0.5064836740493774
A1_primary_25,tabicl,2026-06-29,9103,1725,BULL_PUT_BNF_57400_57000_W400,0,0.5044704675674438
A1_primary_25,tabicl,2026-06-29,9097,1726,BEAR_CALL_BNF_58300_58700_W400,1,0.5909218788146973
A1_primary_25,tabicl,2026-06-29,9092,1727,BULL_PUT_BNF_57300_56900_W400,1,0.528087317943573
A1_primary_25,tabicl,2026-06-29,9084,1728,BULL_PUT_BNF_57200_56800_W400,1,0.5103649497032166
A1_primary_25,tabicl,2026-06-29,9077,1729,BEAR_CALL_BNF_58200_58600_W400,1,0.5960028767585754
A1_primary_25,tabicl,2026-07-01,10430,1817,BEAR_CALL_BNF_58100_58500_W400,0,0.8058313131332397
A1_primary_25,tabicl,2026-07-01,10420,1818,BEAR_CALL_BNF_58000_58600_W600,0,0.6280492544174194
A1_primary_25,tabicl,2026-07-01,10410,1819,BEAR_CALL_BNF_58000_58500_W500,0,0.6747168302536011
A1_primary_25,tabicl,2026-07-01,10400,1820,BEAR_CALL_BNF_58100_58500_W400,0,0.8058252334594727
A1_primary_25,tabicl,2026-07-01,10390,1821,BEAR_CALL_BNF_58200_58700_W500,0,0.6612474918365479
A1_primary_25,tabicl,2026-07-01,10380,1822,BEAR_CALL_BNF_58200_58600_W400,0,0.8044418096542358
A1_primary_25,tabicl,2026-07-01,10370,1823,BEAR_CALL_BNF_58100_58600_W500,0,0.673801064491272
A1_primary_25,tabicl,2026-07-01,10360,1824,BEAR_CALL_BNF_58200_58600_W400,0,0.8051550984382629
A1_primary_25,tabicl,2026-07-01,10350,1825,BEAR_CALL_BNF_58100_58500_W400,0,0.8078519105911255
A1_primary_25,tabicl,2026-07-01,10340,1826,BEAR_CALL_BNF_58200_58700_W500,0,0.6575122475624084
A1_primary_25,tabicl,2026-07-01,10330,1827,BEAR_CALL_BNF_58200_58800_W600,0,0.6115607619285583
A1_primary_25,tabicl,2026-07-01,10320,1828,BEAR_CALL_BNF_58300_58900_W600,0,0.6114986538887024
A1_primary_25,tabicl,2026-07-01,10310,1829,BEAR_CALL_BNF_58300_58900_W600,0,0.6127272844314575
A1_primary_25,tabicl,2026-07-01,10300,1830,BEAR_CALL_BNF_58300_58900_W600,0,0.6097459197044373
A1_primary_25,tabicl,2026-07-01,10290,1831,BEAR_CALL_BNF_58300_58900_W600,0,0.6077964305877686
A1_primary_25,tabicl,2026-07-01,10280,1832,BEAR_CALL_BNF_58200_58600_W400,0,0.8063182234764099
A1_primary_25,tabicl,2026-07-01,10270,1833,BEAR_CALL_BNF_58200_58600_W400,0,0.805753767490387
A1_primary_25,tabicl,2026-07-01,10260,1834,BEAR_CALL_BNF_58200_58600_W400,0,0.8073822259902954
A1_primary_25,tabicl,2026-07-01,10250,1835,BEAR_CALL_BNF_58200_58600_W400,0,0.8063027262687683
A1_primary_25,tabicl,2026-07-01,10240,1836,BEAR_CALL_BNF_58200_58800_W600,0,0.6112455725669861
A1_primary_25,tabicl,2026-07-01,10230,1837,BEAR_CALL_BNF_58300_58900_W600,0,0.606961727142334
A1_primary_25,tabicl,2026-07-01,10220,1838,BEAR_CALL_BNF_58300_58900_W600,0,0.6091170907020569
A1_primary_25,tabicl,2026-07-01,10210,1839,BEAR_CALL_BNF_58400_59000_W600,0,0.6002753376960754
A1_primary_25,tabicl,2026-07-01,10200,1840,BEAR_CALL_BNF_58400_59000_W600,0,0.604229748249054
A1_primary_25,tabicl,2026-07-01,10190,1841,BEAR_CALL_BNF_58400_58800_W400,0,0.802681565284729
A1_primary_25,tabicl,2026-07-01,10180,1842,BEAR_CALL_BNF_58400_58800_W400,0,0.8035672903060913
A1_primary_25,tabicl,2026-07-01,10170,1843,BEAR_CALL_BNF_58300_58900_W600,0,0.5994808077812195
A1_primary_25,tabicl,2026-07-01,10160,1847,BEAR_CALL_BNF_58300_58800_W500,0,0.515703022480011
A1_primary_25,tabicl,2026-07-01,10150,1848,BEAR_CALL_BNF_58400_58900_W500,0,0.6503549218177795
A1_primary_25,tabicl,2026-07-01,10140,1849,BEAR_CALL_BNF_58400_59000_W600,0,0.6011614799499512
A1_primary_25,tabicl,2026-07-01,10130,1850,BEAR_CALL_BNF_58400_59000_W600,0,0.6019185781478882
A1_primary_25,tabicl,2026-07-01,10120,1851,BEAR_CALL_BNF_58500_59000_W500,0,0.6493100523948669
A1_primary_25,tabicl,2026-07-01,10110,1852,BEAR_CALL_BNF_58500_59000_W500,0,0.649787425994873
A1_primary_25,tabicl,2026-07-01,10100,1853,BEAR_CALL_BNF_58500_59000_W500,0,0.6493814587593079
A1_primary_25,tabicl,2026-07-01,10090,1854,BEAR_CALL_BNF_58500_59000_W500,0,0.6507306694984436
A1_primary_25,tabicl,2026-07-01,10080,1855,BEAR_CALL_BNF_58500_59000_W500,0,0.6491126418113708
A1_primary_25,tabicl,2026-07-01,10070,1856,BEAR_CALL_BNF_58500_59000_W500,1,0.6532336473464966
A1_primary_25,tabicl,2026-07-01,10060,1857,BEAR_CALL_BNF_58500_59100_W600,1,0.5961905121803284
A1_primary_25,tabicl,2026-07-01,10050,1860,BEAR_CALL_BNF_58500_59000_W500,1,0.6586815118789673
A1_primary_25,tabicl,2026-07-01,10040,1861,BEAR_CALL_BNF_58500_59000_W500,1,0.6559883952140808
A1_primary_25,tabicl,2026-07-01,10030,1862,BEAR_CALL_BNF_58500_59000_W500,0,0.651940643787384
A1_primary_25,tabicl,2026-07-01,10020,1863,BEAR_CALL_BNF_58500_59000_W500,0,0.6516586542129517
A1_primary_25,tabicl,2026-07-01,10010,1864,BEAR_CALL_BNF_58500_59000_W500,0,0.6500890254974365
A1_primary_25,tabicl,2026-07-01,10000,1865,BEAR_CALL_BNF_58500_59000_W500,0,0.6508036851882935
A1_primary_25,tabicl,2026-07-01,9990,1866,BEAR_CALL_BNF_58500_59000_W500,0,0.6495404243469238
A1_primary_25,tabicl,2026-07-01,9980,1867,BEAR_CALL_BNF_58400_59000_W600,0,0.5980994701385498
A1_primary_25,tabicl,2026-07-01,9970,1868,BEAR_CALL_BNF_58500_59000_W500,0,0.6498104333877563
A1_primary_25,tabicl,2026-07-01,9960,1869,BEAR_CALL_BNF_58500_59100_W600,0,0.5889207720756531
A1_primary_25,tabicl,2026-07-01,9950,1870,BEAR_CALL_BNF_58500_59000_W500,0,0.6502033472061157
A1_primary_25,tabicl,2026-07-01,9940,1871,BEAR_CALL_BNF_58500_59000_W500,0,0.6502490639686584
A1_primary_25,tabicl,2026-07-01,9930,1872,BEAR_CALL_BNF_58500_59000_W500,0,0.6504912972450256
A1_primary_25,tabicl,2026-07-01,9920,1894,BEAR_CALL_BNF_58400_59000_W600,0,0.5930374264717102
A1_primary_25,tabicl,2026-07-01,9910,1895,BEAR_CALL_BNF_58500_59000_W500,0,0.6481558680534363
A1_primary_25,tabicl,2026-07-01,9900,1896,BEAR_CALL_BNF_58600_59000_W400,1,0.7985377311706543
A1_primary_25,tabicl,2026-07-01,9890,1897,BEAR_CALL_BNF_58600_59000_W400,1,0.79543536901474
A1_primary_25,tabicl,2026-07-01,9880,1898,BEAR_CALL_BNF_58500_59000_W500,0,0.6448279619216919
A1_primary_25,tabicl,2026-07-01,9870,1899,BEAR_CALL_BNF_58500_59000_W500,1,0.647284746170044
A1_primary_25,tabicl,2026-07-01,9860,1900,BEAR_CALL_BNF_58500_59000_W500,0,0.6468311548233032
A1_primary_25,tabicl,2026-07-02,11055,1907,BEAR_CALL_BNF_58700_59200_W500,1,0.2693379819393158
A1_primary_25,tabicl,2026-07-02,11045,1908,BEAR_CALL_BNF_58600_59200_W600,1,0.2246570587158203
A1_primary_25,tabicl,2026-07-02,11035,1909,BEAR_CALL_BNF_58700_59200_W500,1,0.2557990849018097
A1_primary_25,tabicl,2026-07-02,11025,1910,BEAR_PUT_NF_24000_24150_W150,0,0.2614322006702423
A1_primary_25,tabicl,2026-07-02,11015,1911,BEAR_PUT_NF_24000_24150_W150,0,0.2598775625228882
A1_primary_25,tabicl,2026-07-02,11004,1912,BEAR_PUT_NF_23950_24150_W200,0,0.21398063004016876
A1_primary_25,tabicl,2026-07-02,10989,1913,BEAR_CALL_BNF_58700_59200_W500,1,0.2664642632007599
A1_primary_25,tabicl,2026-07-02,10981,1914,BEAR_PUT_NF_24000_24100_W100,0,0.26549607515335083
A1_primary_25,tabicl,2026-07-02,10979,1915,BEAR_PUT_NF_23950_24100_W150,0,0.25458425283432007
A1_primary_25,tabicl,2026-07-02,10973,1916,BEAR_PUT_BNF_57700_58100_W400,1,0.4538775682449341
A1_primary_25,tabicl,2026-07-02,10965,1917,BEAR_PUT_NF_23900_24100_W200,0,0.202994242310524
A1_primary_25,tabicl,2026-07-02,10955,1918,BEAR_CALL_BNF_58600_59000_W400,1,0.3463633954524994
A1_primary_25,tabicl,2026-07-02,10945,1919,BEAR_CALL_BNF_58600_59000_W400,1,0.3460001051425934
A1_primary_25,tabicl,2026-07-02,10935,1920,BEAR_CALL_BNF_58600_59000_W400,1,0.34640052914619446
A1_primary_25,tabicl,2026-07-02,10925,1921,BEAR_CALL_BNF_58700_59200_W500,1,0.2721688747406006
A1_primary_25,tabicl,2026-07-02,10915,1922,BEAR_CALL_BNF_58700_59200_W500,1,0.27268433570861816
A1_primary_25,tabicl,2026-07-02,10905,1923,BEAR_CALL_BNF_58700_59200_W500,1,0.2820764482021332
A1_primary_25,tabicl,2026-07-02,10900,1924,BULL_PUT_BNF_57700_57300_W400,0,0.34860745072364807
A1_primary_25,tabicl,2026-07-02,10895,1925,BEAR_CALL_BNF_58600_59000_W400,1,0.3493257164955139
A1_primary_25,tabicl,2026-07-02,10885,1926,BEAR_CALL_BNF_58600_59200_W600,0,0.21268855035305023
A1_primary_25,tabicl,2026-07-02,10875,1927,BEAR_CALL_BNF_58600_59100_W500,0,0.2309541553258896
A1_primary_25,tabicl,2026-07-02,10865,1928,BEAR_CALL_BNF_58600_59000_W400,0,0.3552965819835663
A1_primary_25,tabicl,2026-07-02,10855,1929,BEAR_CALL_BNF_58500_59100_W600,0,0.18170207738876343
A1_primary_25,tabicl,2026-07-02,10845,1930,BEAR_CALL_BNF_58600_59000_W400,0,0.35457843542099
A1_primary_25,tabicl,2026-07-02,10835,1931,BEAR_CALL_BNF_58500_58900_W400,0,0.3098064363002777
A1_primary_25,tabicl,2026-07-02,10825,1932,BEAR_CALL_BNF_58500_59000_W500,0,0.20052465796470642
A1_primary_25,tabicl,2026-07-02,10815,1933,BEAR_CALL_BNF_58500_59000_W500,0,0.18682490289211273
A1_primary_25,tabicl,2026-07-02,10810,1934,BULL_PUT_BNF_57600_57200_W400,1,0.3321853578090668
A1_primary_25,tabicl,2026-07-02,10800,1935,BEAR_CALL_BNF_58500_59000_W500,0,0.16367703676223755
A1_primary_25,tabicl,2026-07-02,10790,1936,BEAR_CALL_BNF_58500_59000_W500,0,0.16533342003822327
A1_primary_25,tabicl,2026-07-02,10780,1937,BEAR_CALL_BNF_58500_59000_W500,0,0.16332171857357025
A1_primary_25,tabicl,2026-07-02,10770,1938,BEAR_CALL_BNF_58500_59000_W500,0,0.1586325466632843
A1_primary_25,tabicl,2026-07-02,10760,1939,BEAR_CALL_BNF_58500_59000_W500,0,0.16065452992916107
A1_primary_25,tabicl,2026-07-02,10750,1940,BEAR_CALL_BNF_58500_59000_W500,0,0.1585671454668045
A1_primary_25,tabicl,2026-07-02,10740,1941,BEAR_CALL_BNF_58600_59100_W500,0,0.24174681305885315
A1_primary_25,tabicl,2026-07-02,10730,1942,BEAR_CALL_BNF_58600_59000_W400,0,0.35453933477401733
A1_primary_25,tabicl,2026-07-02,10725,1943,BULL_PUT_BNF_57700_57300_W400,0,0.35547396540641785
A1_primary_25,tabicl,2026-07-02,10715,1944,BEAR_CALL_BNF_58600_59000_W400,1,0.34824827313423157
A1_primary_25,tabicl,2026-07-02,10710,1945,BULL_PUT_BNF_57700_57300_W400,0,0.362272709608078
A1_primary_25,tabicl,2026-07-02,10700,1946,BEAR_CALL_BNF_58600_59000_W400,0,0.3500678539276123
A1_primary_25,tabicl,2026-07-02,10690,1947,BEAR_CALL_BNF_58600_59100_W500,0,0.23414848744869232
A1_primary_25,tabicl,2026-07-02,10680,1948,BEAR_CALL_BNF_58600_59000_W400,0,0.35233432054519653
A1_primary_25,tabicl,2026-07-02,10675,1949,BULL_PUT_BNF_57600_57200_W400,0,0.34446024894714355
A1_primary_25,tabicl,2026-07-02,10665,1950,BEAR_CALL_BNF_58600_59200_W600,0,0.21645891666412354
A1_primary_25,tabicl,2026-07-02,10655,1951,BEAR_CALL_BNF_58600_59000_W400,0,0.3540513217449188
A1_primary_25,tabicl,2026-07-02,10645,1952,BEAR_CALL_BNF_58600_59000_W400,0,0.3536132276058197
A1_primary_25,tabicl,2026-07-02,10635,1953,BEAR_CALL_BNF_58600_59000_W400,0,0.3523786962032318
A1_primary_25,tabicl,2026-07-02,10625,1954,BEAR_CALL_BNF_58600_59000_W400,1,0.3491497337818146
A1_primary_25,tabicl,2026-07-02,10620,1956,BULL_PUT_BNF_57600_57200_W400,0,0.34239113330841064
A1_primary_25,tabicl,2026-07-02,10610,1957,BEAR_CALL_BNF_58600_59000_W400,0,0.36187660694122314
A1_primary_25,tabicl,2026-07-02,10605,1958,BEAR_CALL_BNF_58500_59000_W500,0,0.16122516989707947
A1_primary_25,tabicl,2026-07-02,10595,1959,BEAR_CALL_BNF_58500_59000_W500,0,0.16843217611312866
A1_primary_25,tabicl,2026-07-02,10585,1960,BEAR_CALL_BNF_58500_59000_W500,0,0.1698872298002243
A1_primary_25,tabicl,2026-07-02,10575,1961,BEAR_CALL_BNF_58500_59000_W500,0,0.18207845091819763
A1_primary_25,tabicl,2026-07-02,10565,1962,BEAR_CALL_BNF_58500_59100_W600,0,0.19051861763000488
A1_primary_25,tabicl,2026-07-02,10560,1963,BULL_PUT_BNF_57600_57200_W400,0,0.3531900644302368
A1_primary_25,tabicl,2026-07-02,10550,1964,BEAR_CALL_BNF_58500_59000_W500,0,0.16231001913547516
A1_primary_25,tabicl,2026-07-02,10540,1965,BEAR_CALL_BNF_58400_58800_W400,0,0.30696508288383484
A1_primary_25,tabicl,2026-07-02,10535,1966,BEAR_CALL_BNF_58400_59000_W600,0,0.18040724098682404
A1_primary_25,tabicl,2026-07-02,10530,1967,BEAR_CALL_BNF_58400_59000_W600,0,0.18044576048851013
A1_primary_25,tabicl,2026-07-02,10520,1968,BEAR_CALL_BNF_58400_59000_W600,0,0.18048354983329773
A1_primary_25,tabicl,2026-07-02,10510,1969,BEAR_CALL_BNF_58400_59000_W600,0,0.18213680386543274
A1_primary_25,tabicl,2026-07-02,10505,1970,BEAR_CALL_BNF_58500_59000_W500,0,0.16251394152641296
A1_primary_25,tabicl,2026-07-02,10495,1971,BEAR_CALL_BNF_58500_59000_W500,0,0.17267724871635437
A1_primary_25,tabicl,2026-07-02,10490,1972,BEAR_CALL_BNF_58500_59000_W500,0,0.1691405028104782
A1_primary_25,tabicl,2026-07-02,10485,1973,BEAR_CALL_BNF_58500_59000_W500,0,0.17346739768981934
A1_primary_25,tabicl,2026-07-02,10475,1974,BEAR_CALL_BNF_58600_59000_W400,0,0.36321642994880676
A1_primary_25,tabicl,2026-07-02,10470,1975,BULL_PUT_BNF_57600_57200_W400,0,0.3620770573616028
A1_primary_25,tabicl,2026-07-02,10465,1976,BULL_PUT_BNF_57600_57200_W400,0,0.3559414744377136
A1_primary_25,tabicl,2026-07-02,10460,1977,BEAR_CALL_BNF_58500_59000_W500,0,0.17248797416687012
A1_primary_25,tabicl,2026-07-02,10450,1978,BEAR_CALL_BNF_58500_59000_W500,0,0.17113207280635834
A1_primary_25,tabicl,2026-07-02,10440,1979,BEAR_CALL_BNF_58500_59000_W500,0,0.16823869943618774
A1_primary_25,tabicl,2026-07-03,11415,1984,BULL_PUT_BNF_57600_57200_W400,0,0.5033373236656189
A1_primary_25,tabicl,2026-07-03,11405,1985,BEAR_CALL_BNF_58600_59000_W400,1,0.4859844446182251
A1_primary_25,tabicl,2026-07-03,11395,1986,BEAR_CALL_BNF_58600_59000_W400,1,0.4836186468601227
A1_primary_25,tabicl,2026-07-03,11390,1992,BEAR_CALL_BNF_58600_59000_W400,1,0.5109984278678894
A1_primary_25,tabicl,2026-07-03,11385,1993,BULL_PUT_BNF_57600_57200_W400,0,0.5055878162384033
A1_primary_25,tabicl,2026-07-03,11375,1994,BEAR_CALL_BNF_58600_59000_W400,1,0.4755651354789734
A1_primary_25,tabicl,2026-07-03,11370,1995,BULL_PUT_BNF_57700_57300_W400,0,0.4964948296546936
A1_primary_25,tabicl,2026-07-03,11365,1996,BEAR_CALL_BNF_58600_59000_W400,1,0.519457995891571
A1_primary_25,tabicl,2026-07-03,11355,1997,BEAR_CALL_BNF_58600_59000_W400,1,0.47767338156700134
A1_primary_25,tabicl,2026-07-03,11350,1998,BEAR_CALL_BNF_58600_59000_W400,1,0.48401495814323425
A1_primary_25,tabicl,2026-07-03,11345,1999,BULL_PUT_BNF_57600_57200_W400,0,0.5062781572341919
A1_primary_25,tabicl,2026-07-03,11335,2000,BEAR_CALL_BNF_58600_59000_W400,1,0.4786740243434906
A1_primary_25,tabicl,2026-07-03,11330,2001,BEAR_CALL_BNF_58500_59000_W500,1,0.39276209473609924
A1_primary_25,tabicl,2026-07-03,11325,2002,BEAR_CALL_BNF_58500_59000_W500,1,0.3966461420059204
A1_primary_25,tabicl,2026-07-03,11320,2003,BEAR_CALL_BNF_58500_59000_W500,1,0.4143303632736206
A1_primary_25,tabicl,2026-07-03,11315,2004,BULL_PUT_BNF_57500_57100_W400,0,0.5141777992248535
A1_primary_25,tabicl,2026-07-03,11310,2005,BULL_PUT_BNF_57500_57100_W400,0,0.5097591876983643
A1_primary_25,tabicl,2026-07-03,11305,2006,BEAR_CALL_BNF_58400_59000_W600,1,0.30501988530158997
A1_primary_25,tabicl,2026-07-03,11300,2007,BEAR_CALL_BNF_58400_59000_W600,1,0.3046661913394928
A1_primary_25,tabicl,2026-07-03,11290,2008,BEAR_CALL_BNF_58500_59000_W500,1,0.3821227550506592
A1_primary_25,tabicl,2026-07-03,11280,2009,BEAR_CALL_BNF_58500_59000_W500,1,0.3865913450717926
A1_primary_25,tabicl,2026-07-03,11275,2010,BEAR_CALL_BNF_58500_59000_W500,1,0.39229318499565125
A1_primary_25,tabicl,2026-07-03,11270,2011,BULL_PUT_BNF_57600_57200_W400,0,0.5075792074203491
A1_primary_25,tabicl,2026-07-03,11265,2012,BULL_PUT_BNF_57600_57200_W400,0,0.5072298049926758
A1_primary_25,tabicl,2026-07-03,11260,2013,BEAR_CALL_BNF_58500_59000_W500,1,0.3939507007598877
A1_primary_25,tabicl,2026-07-03,11255,2014,BEAR_CALL_BNF_58500_59000_W500,1,0.39634469151496887
A1_primary_25,tabicl,2026-07-03,11250,2015,BEAR_CALL_BNF_58500_59000_W500,1,0.3907039761543274
A1_primary_25,tabicl,2026-07-03,11245,2016,BEAR_CALL_BNF_58500_59000_W500,1,0.38879069685935974
A1_primary_25,tabicl,2026-07-03,11240,2017,BEAR_CALL_BNF_58500_59000_W500,1,0.393523633480072
A1_primary_25,tabicl,2026-07-03,11230,2018,BEAR_CALL_BNF_58500_59000_W500,1,0.3934250771999359
A1_primary_25,tabicl,2026-07-03,11225,2019,BEAR_CALL_BNF_58500_59000_W500,1,0.38567695021629333
A1_primary_25,tabicl,2026-07-03,11220,2020,BULL_PUT_BNF_57500_57100_W400,0,0.5147819519042969
A1_primary_25,tabicl,2026-07-03,11215,2021,BULL_PUT_BNF_57500_57100_W400,0,0.5146263837814331
A1_primary_25,tabicl,2026-07-03,11210,2022,BULL_PUT_BNF_57500_57100_W400,0,0.5146947503089905
A1_primary_25,tabicl,2026-07-03,11205,2023,BULL_PUT_BNF_57500_57100_W400,0,0.5147438049316406
A1_primary_25,tabicl,2026-07-03,11200,2024,BULL_PUT_BNF_57500_57100_W400,0,0.5131064653396606
A1_primary_25,tabicl,2026-07-03,11195,2025,BEAR_CALL_BNF_58400_58900_W500,1,0.3538495600223541
A1_primary_25,tabicl,2026-07-03,11190,2026,BULL_PUT_BNF_57400_57000_W400,1,0.5131362080574036
A1_primary_25,tabicl,2026-07-03,11185,2027,BULL_PUT_BNF_57400_57000_W400,1,0.5085047483444214
A1_primary_25,tabicl,2026-07-03,11180,2028,BULL_PUT_BNF_57400_57000_W400,1,0.5096099376678467
A1_primary_25,tabicl,2026-07-03,11175,2029,BULL_PUT_BNF_57400_57000_W400,1,0.5116780400276184
A1_primary_25,tabicl,2026-07-03,11170,2030,BULL_PUT_BNF_57400_57000_W400,1,0.5129134654998779
A1_primary_25,tabicl,2026-07-03,11165,2031,BULL_PUT_BNF_57400_57000_W400,1,0.5126151442527771
A1_primary_25,tabicl,2026-07-03,11160,2032,BEAR_CALL_BNF_58300_58700_W400,0,0.4036426246166229
A1_primary_25,tabicl,2026-07-03,11155,2033,BEAR_CALL_BNF_58300_58700_W400,0,0.4196535348892212
A1_primary_25,tabicl,2026-07-03,11150,2034,BULL_PUT_BNF_57400_57000_W400,1,0.5128662586212158
A1_primary_25,tabicl,2026-07-03,11145,2035,BULL_PUT_BNF_57400_57000_W400,1,0.513652503490448
A1_primary_25,tabicl,2026-07-03,11140,2036,BULL_PUT_BNF_57400_57000_W400,1,0.5127678513526917
A1_primary_25,tabicl,2026-07-03,11135,2037,BULL_PUT_BNF_57400_57000_W400,1,0.5102043151855469
A1_primary_25,tabicl,2026-07-03,11130,2038,BEAR_CALL_BNF_58300_58700_W400,0,0.3986770808696747
A1_primary_25,tabicl,2026-07-03,11125,2039,BULL_PUT_BNF_57400_57000_W400,1,0.5121791362762451
A1_primary_25,tabicl,2026-07-03,11115,2040,BEAR_CALL_BNF_58400_59000_W600,0,0.308096706867218
A1_primary_25,tabicl,2026-07-03,11110,2041,BULL_PUT_BNF_57400_57000_W400,1,0.5095748901367188
A1_primary_25,tabicl,2026-07-03,11105,2042,BULL_PUT_BNF_57400_57000_W400,1,0.5130404233932495
A1_primary_25,tabicl,2026-07-03,11100,2043,BEAR_CALL_BNF_58400_58900_W500,0,0.3842426836490631
A1_primary_25,tabicl,2026-07-03,11090,2044,BEAR_CALL_BNF_58400_59000_W600,0,0.3138895034790039
A1_primary_25,tabicl,2026-07-03,11085,2045,BEAR_CALL_BNF_58400_58900_W500,0,0.374165415763855
A1_primary_25,tabicl,2026-07-03,11080,2046,BEAR_CALL_BNF_58400_59000_W600,0,0.3171742260456085
A1_primary_25,tabicl,2026-07-03,11075,2047,BEAR_CALL_BNF_58400_59000_W600,0,0.31925588846206665
A1_primary_25,tabicl,2026-07-03,11070,2048,BEAR_CALL_BNF_58400_59000_W600,0,0.31458741426467896
A1_primary_25,tabicl,2026-07-03,11065,2049,BULL_PUT_BNF_57500_57100_W400,0,0.5139107704162598
A1_primary_25,tabicl,2026-07-07,11925,2136,BULL_PUT_BNF_58000_57600_W400,0,0.5616727471351624
A1_primary_25,tabicl,2026-07-07,11920,2137,BULL_PUT_BNF_58000_57600_W400,0,0.5645484328269958
A1_primary_25,tabicl,2026-07-07,11910,2138,BULL_PUT_BNF_57900_57500_W400,0,0.5418487787246704
A1_primary_25,tabicl,2026-07-07,11900,2139,BULL_PUT_BNF_58000_57600_W400,0,0.5788167119026184
A1_primary_25,tabicl,2026-07-07,11890,2140,BEAR_CALL_BNF_58900_59300_W400,1,0.7552635073661804
A1_primary_25,tabicl,2026-07-07,11880,2141,BEAR_CALL_BNF_58900_59300_W400,1,0.7503219842910767
A1_primary_25,tabicl,2026-07-07,11865,2142,BEAR_CALL_BNF_58900_59300_W400,1,0.7464972138404846
A1_primary_25,tabicl,2026-07-07,11855,2143,BEAR_CALL_BNF_58900_59300_W400,1,0.7389585375785828
A1_primary_25,tabicl,2026-07-07,11845,2144,BEAR_CALL_BNF_58900_59300_W400,1,0.7439650297164917
A1_primary_25,tabicl,2026-07-07,11830,2145,BEAR_CALL_BNF_58900_59300_W400,1,0.7439953684806824
A1_primary_25,tabicl,2026-07-07,11815,2146,BEAR_CALL_BNF_58900_59300_W400,1,0.741662323474884
A1_primary_25,tabicl,2026-07-07,11810,2147,BULL_PUT_BNF_58000_57600_W400,0,0.5662171840667725
A1_primary_25,tabicl,2026-07-07,11795,2148,BEAR_CALL_BNF_58900_59300_W400,1,0.7380489110946655
A1_primary_25,tabicl,2026-07-07,11780,2149,BEAR_CALL_BNF_58900_59300_W400,1,0.7381551265716553
A1_primary_25,tabicl,2026-07-07,11765,2150,BEAR_CALL_BNF_58900_59300_W400,1,0.7365151643753052
A1_primary_25,tabicl,2026-07-07,11755,2151,BEAR_CALL_BNF_58900_59300_W400,1,0.7275546789169312
A1_primary_25,tabicl,2026-07-07,11745,2152,BULL_PUT_BNF_58000_57600_W400,0,0.5663996338844299
A1_primary_25,tabicl,2026-07-07,11735,2153,BEAR_CALL_BNF_58900_59300_W400,1,0.7332074046134949
A1_primary_25,tabicl,2026-07-07,11725,2154,BULL_PUT_BNF_58000_57600_W400,0,0.5671606659889221
A1_primary_25,tabicl,2026-07-07,11715,2155,BULL_PUT_BNF_58000_57600_W400,0,0.573897659778595
A1_primary_25,tabicl,2026-07-07,11705,2156,BULL_PUT_BNF_58000_57600_W400,0,0.5732547640800476
A1_primary_25,tabicl,2026-07-07,11695,2157,BEAR_CALL_BNF_58900_59300_W400,1,0.7263219356536865
A1_primary_25,tabicl,2026-07-07,11685,2158,BEAR_CALL_BNF_58900_59300_W400,1,0.7265928983688354
A1_primary_25,tabicl,2026-07-07,11675,2159,BULL_PUT_BNF_57900_57500_W400,0,0.5435663461685181
A1_primary_25,tabicl,2026-07-07,11665,2160,BEAR_CALL_BNF_58900_59300_W400,1,0.7299863696098328
A1_primary_25,tabicl,2026-07-07,11655,2161,BEAR_CALL_BNF_58900_59300_W400,1,0.7348510026931763
A1_primary_25,tabicl,2026-07-07,11645,2162,BEAR_CALL_BNF_58900_59300_W400,1,0.7386602163314819
A1_primary_25,tabicl,2026-07-07,11635,2163,BEAR_CALL_BNF_58900_59300_W400,1,0.7386241555213928
A1_primary_25,tabicl,2026-07-07,11625,2164,BEAR_CALL_BNF_58900_59300_W400,1,0.7269018292427063
A1_primary_25,tabicl,2026-07-07,11615,2165,BEAR_CALL_BNF_58900_59300_W400,1,0.7314540147781372
A1_primary_25,tabicl,2026-07-07,11610,2166,BULL_PUT_BNF_58000_57600_W400,0,0.560871422290802
A1_primary_25,tabicl,2026-07-07,11605,2167,BULL_PUT_BNF_58000_57600_W400,0,0.5609130263328552
A1_primary_25,tabicl,2026-07-07,11600,2168,BULL_PUT_BNF_58000_57600_W400,0,0.5629631876945496
A1_primary_25,tabicl,2026-07-07,11595,2169,BULL_PUT_BNF_58000_57600_W400,0,0.5604342818260193
A1_primary_25,tabicl,2026-07-07,11580,2170,BEAR_CALL_BNF_58900_59300_W400,1,0.7296612858772278
A1_primary_25,tabicl,2026-07-07,11570,2171,BULL_PUT_BNF_57900_57500_W400,0,0.5390095114707947
A1_primary_25,tabicl,2026-07-07,11560,2172,BULL_PUT_BNF_58000_57600_W400,0,0.5665364265441895
A1_primary_25,tabicl,2026-07-07,11545,2173,BEAR_CALL_BNF_58900_59300_W400,1,0.7283467650413513
A1_primary_25,tabicl,2026-07-07,11535,2174,BEAR_CALL_BNF_58800_59200_W400,1,0.7523265480995178
A1_primary_25,tabicl,2026-07-07,11525,2175,BEAR_CALL_BNF_58800_59200_W400,1,0.7594514489173889
A1_primary_25,tabicl,2026-07-07,11515,2176,BEAR_CALL_BNF_58800_59200_W400,1,0.7518085241317749
A1_primary_25,tabicl,2026-07-07,11510,2177,BEAR_CALL_BNF_58800_59200_W400,1,0.7537298202514648
A1_primary_25,tabicl,2026-07-07,11505,2178,BEAR_CALL_BNF_58800_59200_W400,1,0.7571661472320557
A1_primary_25,tabicl,2026-07-07,11500,2179,BEAR_CALL_BNF_58800_59200_W400,1,0.7569296956062317
A1_primary_25,tabicl,2026-07-07,11495,2180,BULL_PUT_BNF_57800_57400_W400,0,0.5002245903015137
A1_primary_25,tabicl,2026-07-07,11490,2181,BEAR_CALL_BNF_58700_59100_W400,1,0.7564208507537842
A1_primary_25,tabicl,2026-07-07,11485,2182,BEAR_CALL_BNF_58700_59100_W400,1,0.7557377219200134
A1_primary_25,tabicl,2026-07-07,11480,2183,BEAR_CALL_BNF_58700_59100_W400,0,0.7624505162239075
A1_primary_25,tabicl,2026-07-07,11475,2184,BULL_PUT_BNF_57800_57400_W400,0,0.49641117453575134
A1_primary_25,tabicl,2026-07-07,11470,2185,BULL_PUT_BNF_57800_57400_W400,0,0.4900764226913452
A1_primary_25,tabicl,2026-07-07,11465,2186,BULL_PUT_BNF_57800_57400_W400,0,0.48797816038131714
A1_primary_25,tabicl,2026-07-07,11460,2187,BULL_PUT_BNF_57800_57400_W400,0,0.4973805248737335
A1_primary_25,tabicl,2026-07-07,11450,2188,BULL_PUT_BNF_58000_57600_W400,0,0.5757389664649963
A1_primary_25,tabicl,2026-07-07,11440,2189,BEAR_CALL_BNF_58700_59100_W400,1,0.7497532367706299
A1_primary_25,tabicl,2026-07-07,11430,2190,BULL_PUT_BNF_58000_57600_W400,0,0.5735870003700256
A1_primary_25,tabicl,2026-07-07,11425,2191,BULL_PUT_BNF_57800_57400_W400,0,0.4986555576324463
A1_primary_25,tabicl,2026-07-07,11420,2192,BEAR_CALL_BNF_58800_59200_W400,1,0.7501799464225769
A1_primary_25,tabicl,2026-07-08,12026,2213,BEAR_PUT_BNF_57100_57700_W600,1,0.16818305850028992
A1_primary_25,tabicl,2026-07-08,12024,2214,BEAR_PUT_BNF_56800_57800_W1000,1,0.18255998194217682
A1_primary_25,tabicl,2026-07-08,12023,2215,BEAR_PUT_BNF_57000_57800_W800,1,0.17190532386302948
A1_primary_25,tabicl,2026-07-08,12021,2217,BEAR_PUT_BNF_57100_57900_W800,1,0.17865243554115295
A1_primary_25,tabicl,2026-07-08,12019,2218,BEAR_PUT_BNF_56900_57900_W1000,1,0.19067206978797913
A1_primary_25,tabicl,2026-07-08,12018,2219,BEAR_PUT_BNF_57200_57800_W600,1,0.16786177456378937
A1_primary_25,tabicl,2026-07-08,12014,2226,BEAR_PUT_BNF_57400_58000_W600,1,0.18749096989631653
A1_primary_25,tabicl,2026-07-08,12011,2227,BEAR_PUT_BNF_57400_58000_W600,1,0.18863730132579803
A1_primary_25,tabicl,2026-07-08,12008,2228,BEAR_PUT_BNF_57400_58000_W600,1,0.18418917059898376
A1_primary_25,tabicl,2026-07-08,12007,2264,BEAR_PUT_BNF_57000_57600_W600,1,0.18882684409618378
A1_primary_25,tabicl,2026-07-08,12005,2265,BEAR_PUT_BNF_56600_57400_W800,1,0.1672443002462387
A1_primary_25,tabicl,2026-07-08,12003,2266,BEAR_PUT_BNF_56400_57200_W800,1,0.17578762769699097
A1_primary_25,tabicl,2026-07-08,12000,2267,BEAR_PUT_NF_23700_24000_W300,1,0.2618817687034607
A1_primary_25,tabicl,2026-07-08,11997,2268,BEAR_PUT_NF_23750_23850_W100,1,0.3689208924770355
A1_primary_25,tabicl,2026-07-08,11989,2269,BEAR_PUT_NF_23600_23900_W300,0,0.2643088400363922
A1_primary_25,tabicl,2026-07-08,11983,2270,BEAR_PUT_NF_23650_23900_W250,1,0.2893977761268616
A1_primary_25,tabicl,2026-07-08,11974,2271,BEAR_PUT_NF_23600_23900_W300,1,0.2595764696598053
A1_primary_25,tabicl,2026-07-08,11969,2272,BEAR_PUT_NF_23600_23850_W250,0,0.33666813373565674
A1_primary_25,tabicl,2026-07-08,11959,2273,BEAR_PUT_NF_23600_23900_W300,1,0.32762983441352844
A1_primary_25,tabicl,2026-07-08,11950,2276,BEAR_PUT_NF_23550_23850_W300,0,0.25770705938339233
A1_primary_25,tabicl,2026-07-08,11942,2277,BEAR_PUT_NF_23600_23800_W200,0,0.3844507336616516
A1_primary_25,tabicl,2026-07-08,11930,2278,BEAR_PUT_NF_23450_23850_W400,0,0.3014686703681946
A1_primary_25,tabicl,2026-07-09,12027,2288,BULL_CALL_NF_24400_24000_W400,0,0.33576056361198425
A1_primary_25,tabicl,2026-07-13,12031,2498,BEAR_CALL_BNF_58500_59000_W500,1,0.606156587600708
A1_primary_25,tabicl,2026-07-14,12056,2518,BEAR_PUT_BNF_56500_57500_W1000,0,0.4763869643211365
A1_primary_25,tabicl,2026-07-14,12050,2529,BEAR_PUT_BNF_56600_57600_W1000,1,0.5192692279815674
A1_primary_25,tabicl,2026-07-14,12045,2580,BEAR_PUT_BNF_56700_57500_W800,1,0.7603225111961365
A1_primary_25,tabicl,2026-07-14,12038,2581,BEAR_PUT_BNF_56500_57500_W1000,1,0.4577561318874359
A1_primary_25,tabicl,2026-07-14,12033,2582,BEAR_PUT_BNF_56500_57500_W1000,0,0.4569563865661621
A1_primary_25,tabicl,2026-07-16,12103,2659,BEAR_PUT_NF_23900_24150_W250,1,0.1500198245048523
A1_primary_25,tabicl,2026-07-16,12092,2660,BEAR_PUT_NF_23850_24150_W300,1,0.11520440131425858
A1_primary_25,tabicl,2026-07-16,12086,2661,BEAR_PUT_NF_23950_24100_W150,1,0.09705248475074768
A1_primary_25,tabicl,2026-07-16,12078,2662,BEAR_PUT_NF_23900_24100_W200,1,0.0911104679107666
A1_primary_25,tabicl,2026-07-16,12073,2678,BEAR_PUT_NF_24050_24150_W100,1,0.15788757801055908
A1_primary_25,tabicl,2026-07-16,12068,2679,BEAR_PUT_NF_24050_24150_W100,1,0.15831460058689117
A1_primary_25,tabicl,2026-07-16,12063,2680,BEAR_PUT_NF_24000_24150_W150,1,0.11569701880216599
A1_primary_25,tabicl,2026-07-17,12207,2736,BEAR_PUT_NF_24000_24200_W200,0,0.641847550868988
A1_primary_25,tabicl,2026-07-17,12198,2737,BEAR_PUT_NF_24000_24200_W200,0,0.6134485006332397
A1_primary_25,tabicl,2026-07-17,12189,2738,BEAR_PUT_NF_24000_24200_W200,0,0.6446824669837952
A1_primary_25,tabicl,2026-07-17,12178,2739,BEAR_PUT_NF_23950_24250_W300,0,0.6348953247070312
A1_primary_25,tabicl,2026-07-17,12167,2740,BEAR_PUT_NF_23950_24250_W300,0,0.637477457523346
A1_primary_25,tabicl,2026-07-17,12154,2746,BEAR_PUT_NF_24000_24300_W300,0,0.6039197444915771
A1_primary_25,tabicl,2026-07-17,12145,2747,BEAR_PUT_NF_24050_24250_W200,0,0.6153565645217896
A1_primary_25,tabicl,2026-07-17,12133,2748,BEAR_PUT_NF_24000_24300_W300,0,0.6120078563690186
A1_primary_25,tabicl,2026-07-17,12121,2749,BEAR_PUT_NF_24000_24300_W300,0,0.6148243546485901
A1_primary_25,tabicl,2026-07-17,12112,2750,BEAR_PUT_NF_24050_24250_W200,0,0.6187624335289001
A1_primary_25,tabicl,2026-07-20,12220,2821,BEAR_PUT_NF_24050_24250_W200,0,0.28742000460624695
A1_primary_25,tabicl,2026-07-20,12216,2822,BEAR_PUT_BNF_57000_57800_W800,0,0.5072286128997803
A1_primary_25,tabicl,2026-07-21,12246,2879,BEAR_PUT_NF_24150_24250_W100,1,0.5596064329147339
A1_primary_25,tabicl,2026-07-21,12241,2880,BEAR_PUT_BNF_57500_58100_W600,1,0.6851165890693665
A1_primary_25,tabicl,2026-07-21,12236,2881,BEAR_PUT_NF_24100_24250_W150,1,0.4474695026874542
A1_primary_25,tabicl,2026-07-21,12231,2882,BEAR_PUT_NF_24100_24250_W150,1,0.44402462244033813
A1_primary_25,tabicl,2026-07-21,12226,2883,BEAR_PUT_NF_24150_24250_W100,1,0.5676784515380859
A1_primary_25,tabicl,2026-07-22,12259,2954,BEAR_PUT_NF_23800_24100_W300,1,0.19462092220783234
A1_primary_25,tabicl,2026-07-22,12253,2955,BEAR_PUT_NF_23800_24050_W250,1,0.2071528434753418
A1_primary_25,tabicl,2026-07-22,12252,2956,BEAR_PUT_BNF_56800_57300_W500,1,0.2616806626319885
A1_primary_25,tabicl,2026-07-23,12062,3029,BEAR_PUT_NF_23750_23950_W200,1,0.06504769623279572
